"name","ref","address/name","address/street","address/street2","address/zip","address/city","address/country_id.id","address/phone","address/fax","address/email","property_payment_term.id","credit_limit","x_nif","x_stat","x_cif","customer","supplier",
"CLIENTS OCCASIONNELS","C00001",,,,,,135,,,,5,200000000,,,,"True","False",
"C O Zavar (Tra Moravidy)","C00002",,,,,,135,,,,5,5000000,,,,"True","False",
"SMOI","C00003",,"Lot 01 AMBOHIBAO ANTEHIROKA",,,"ANTANANARIVO",135,,,,5,20000000,105006299,,,"True","False",
"Malagasy Packaging","C00004","M.Moise","Enceinte ETEMAD Andraharo",,,,135,320703468,,,5,0,2119401,,,"True","False",
"SMTP","C00005",,"LOT O1 AMBOHIBAO ANTEHIROKA",,,,135,,,,5,20000000,105001127,,,"True","False",
"MAGRO","C00006",,"Tanjombato",,,,135,,,,5,50000000,6931546,,,"True","False",
"FIRM &  ARCHITECTURE SARL","C00007",,"Lot ILA Ambohibary Alasora",,,,135,,,,5,0,35651813,,,"True","False",
"TRANSPORTEUR  BENJA","C00008",,"Lot II E 26 GH Ambohimirana",,,,135,"034 05 035 62",,,5,0,5146848,,,"True","False",
"TRANSPORT MASOANDRO","C00009","M.Rakotonirina Eloi",,,,,135,,,,5,0,6309601,,,"True","False",
"GALANA","C00010","M.Rija","2e etage Ikopa Center","Tanjombato",60118,"Antananarivo",135,,,,5,0,105006184,,,"True","False",
"A NE PLUS UTILISER","C00011",,,,,,135,,,,5,0,105005970,,,"True","False",
"CO RAHIM Majunga","C00012",,,,,,135,320443021,,,5,0,,,,"True","False",
"CO MOUSTAK FIDALY","C00013",,,,,,135,,,,5,0,,,,"True","False",
"CO Donia Sambava","C00014",,,,,,135,"88 920 83",,,5,0,,,,"True","False",
"BUROTEC","C00015","M.Alec","14,rue Emile Rajohnson Antsahavola",,101,"Antananarivo",135,324898848,,,5,0,323228,,,"True","False",
"Fazleabasse DIVANE","C00016",,"Fort Dauphin",,,,135,,,,5,0,6350929,,,"True","False",
"SEDICO","C00017",,"47 A Bis Antanetibe Antehiroka",,,,135,331121329,,,5,0,105010810,,,"True","False",
"SOCIETE   MANDIMBISOA","C00018",,"IVX 72 Ankazomanga",,,,135,,,"tsiory@blueline.mg",5,0,4082931,,,"True","False",
"DISCOI","C00019",,"Lot O1 A Ambohibao Antehiroka",,,,135,,,,5,5000000,105001918,,,"True","False",
"CO MENJANAHARY MARIE AURELIE","C00020",,,,,,135,,,,5,0,,,,"True","False",
"SPSM","C00021",,"ILOT MME SAINTE MARIE",,,,135,,,"vonjy@smtp.com.mg",5,0,105012977,,,"True","False",
"MADAFOAM","C00022",,"Lot 62 B Bis Ambohibao",,,"Antananarivo",135,"22 588 08",,,5,0,8076550,,,"True","False",
"CO CHRISTOPHE","C00023",,"Avaratetezana Sabotsynamena",,,,135,,,,5,0,,,,"True","False",
"NOSCIM","C00024","M.ABDOUL","42 Rue Ranaivoson Aranta","Route de l'abattoir","Mahajanga",,135,320758191,"22 446 43",,5,0,105004214,,,"True","False",
"NOVO-COMM OGILVY","C00025",,"LA TONNELLE ENCEINTE OCEAN TRADE","ANDRAHARO","TANA",,135,"23 557 47","23 554 67",,5,0,8833858,,,"True","False",
"QUINCAILLERIE  MANDROSO","C00026",,,,,,135,,,,5,0,2717564,,,"True","False",
"B D L G CONSTRUCTION","C00027","M.RENEAUD","Tamatave",,,,135,331109440,,,5,0,3859501,,,"True","False",
"SOAVY","C00028",,,,,,135,,,,5,0,1175945,,,"True","False",
"SMCP SARL","C00029",,"Lot II 172 BE Ivandry",,101,"Antananarivo",135,"24 246 71","22 495 81",,5,0,8634251,,,"True","False",
"SOCIETE JB","C00030",,"24 Rue Radama 1er Tsaralalana","101 Antananarivo",,,135,"22 223 73","22 331 42",,5,0,54631,,,"True","False",
"AGRIVET","C00031",,"Lot 01 Ambohibao","Tana",,,135,"22 583 74","22 583 75",,5,5000000,105008764,,,"True","False",
"PROMA","C00032","FARA","B.P 269 ZI FORELLO","TANJOMBATO","TANA",,135,"22 477 58","22 477 82",,5,0,105001445,,,"True","False",
"CO BIPINE","C00033",,,,,,135,331123104,,,5,0,,,,"True","False",
"SOCOLAIT","C00034",,"Lot 01 A Ambohibao Antehiroka",,,,135,,,,5,0,105005970,,,"True","False",
"ENTREPOT_S2M","C00035","MARCEL","SCORE DIGUE","TANANARIVE",,,135,"22 019 74",,,5,0,1334235,,,"True","False",
"GALVAPLAST","C00036",,,,,,135,,,,5,0,4959501,,,"True","False",
"EUROPAINTS","C00037",,"BP 11107 POSTE MAGRI TANA 105","AMBOHIBAO","TANA",,135,"22 442 20","22 446 43",,5,0,105009068,,,"True","False",
"COTTONLINE","C00038",,"Route d'Ambositra PK 169","BP 355 110","ANTSIRABE",,135,,,,5,0,105007156,,,"True","False",
"CO RMB","C00039",,"Isotry",,"TANA",,135,,,,5,0,,,,"True","False",
"OMNIUM EXPORT","C00040",,"TANJOMBATO",,"TANA",,135,"22 468 68","22 464 28",,5,0,105009158,,,"True","False",
"OMNIUM INDUSTRUEL DE MADAGASCAR","C00041",,"TANJOMBATO",,"TANA",,135,"22 468 68","22 464 28",,5,0,105005049,,,"True","False",
"CO LIBRAIRIE EKENA","C00042",,"TULEAR","Transporteur SOBAFILS","TULEAR",,135,,,,5,0,,,,"True","False",
"CO HATIM MOISEBAY","C00043",,"TSARALALANA",,"TANA",,135,,,,5,0,,,,"True","False",
"SCD-R","C00044",,"LOT II C 19 AMPANDRANA","TANANARIVE",,,135,"033 12 369 73/2410417",,,5,0,30831813,,,"True","False",
"MAGRI","C00045","Tiana","PK 85 Route Digue de l'IKOPA","TANA",,,135,"22 234 28","22 225 61","magi-dc@iris.mg",5,0,105008233,,,"True","False",
"CO ALBERTY BERTINE","C00046",,,,,,135,,,,5,0,,,,"True","False",
"TRANSPORTEUR  NOMENA","C00047",,,,,,135,,,,5,0,6349367,,,"True","False",
"DISCODIN","C00048","Mme MOUNIRA","AMBOHIMANARINA",,"TANA",,135,,,,5,0,8351813,,,"True","False",
"SYSTEC","C00049",,"Lot II I 164 Ter Alarobia","Amboniloha","TANA",,135,"22 420 65","22 434 85",,5,0,12061813,,,"True","False",
"MKLEN","C00050",,"PK 18 ANOSIALA AMBOHIDRATRIMO",,"TANA","MADAGASCAR",135,"22 077 87","22 077 88",,5,0,4802139,,,"True","False",
"INTERNATIONAL DISTRIBUTION","C00051",,"Ambohibao",,"TANA",,135,"22 442 20","22 583 75",,5,0,105013867,,,"True","False",
"STTE ETTRRAT","C00052","Mlle Tanjona","Immeuble SCORE Zone ZITAL","Ankorondrano","TANA",,135,"22 322 93","22 269 73",,5,0,126641,,,"True","False",
"SOPRAMAD","C00053",,,,,,135,"032 07 177 25/2424538",,"import.spmd@moov.mg",5,0,105005512,,,"True","False",
"BEZAKA PASCAL","C00054","Rubab","MANANARA NORD",,"MANANARA",,135,"032 04 627 12",,,5,0,5190219,,,"True","False",
"FRIGOTA","C00055","M.Chan Thierry",,,"TAMATAVE",,135,,,"frigota@moov.mg",5,0,,,,"True","False",
"STB","C00056",,"Lot AK 42 Telozoro Ankadikely Ilafy",,"BP 12116",,135,,,,5,0,174333,,,"True","False",
"ENTREPRISE  EGCTP SARL","C00057","Mme MichŠle",,,,,135,"032 07 66325",,,5,0,107015726,,,"True","False",
"S2PC","C00058",,"ROUTE DE L'AEROPORT","BP393 SALAZAMA TAMATAVE",,,135,5332545,5331232,,5,0,148552,,,"True","False",
"COTACO","C00059",,"Mahanoro  Tanoborizano",,,,135,,,,5,0,3050715,,,"True","False",
"JUMBO SCORE","C00060",,,,,,135,,,,5,0,,,,"True","False",
"BURMAS","C00061",,,,,,135,,,,5,0,15661813,,,"True","False",
"SARIAKA CONSTRUCTION","C00062",,"117 Valpinson P/LE 11/62",,,,135,,,,5,0,,,,"True","False",
"SAMBATEX","C00063",,"BP 58 Rue du commerce Sambava",,,,135,,,,5,0,239155,,,"True","False",
"HOUSE CONSTRUCTION","C00064",,"Tamatave",,,,135,340846561,,,5,500000000,35851813,,,"True","False",
"SCIERIE NOURANY","C00065",,"430 Boulevard Jean Ralaimongo",,,,135,,,,5,0,140606710,,,"True","False",
"S2M","C00066","M. LEGARS","Entrepot Digue",,,,135,"032 07 122 14",,,5,0,,,,"True","False",
"GECAB OI","C00067",,"Lot 34 bis  Andohalokely  Mandrosoa","Ankadikely Ilafy",,,135,,,,5,0,30721813,,,"True","False",
"FERSMAD","C00068",,"Zone Industriel Ambodivona",,,,135,"22 237 63",,,5,0,17281813,,,"True","False",
"VENTURE COMMUNICATION","C00069",,,,,,135,,,,5,0,,,,"True","False",
"CO LEANDRI","C00070",,,,,,135,,,,5,0,,,,"True","False",
"AKBARALY SABIR","C00071",,"TOAMASINA",,,,135,,,,5,0,450017,,,"True","False",
"CO Wei Yeng Mong Rolland","C00072",,,,,,135,,,,5,0,,,,"True","False",
"CO ANDRIA Michel Alain","C00073","Mme SAHOLY",,,,,135,"22 304 07",,,5,0,,,,"True","False",
"BRICO KOYTCHA","C00074",,,,,,135,,,,5,0,,,,"True","False",
"SARAH ET CIE","C00075",,,,,,135,,,,5,0,,,,"True","False",
"CO TOLOJANAHARINIRINA Fenosoa Hasin","C00076",,"VN 53.O BIS AMBOHITSOA",,,,135,340609898,,,5,0,,,,"True","False",
"TRANSPORT DU LAC","C00077","M.RAMIANDRISOA JOB","Mantasoa",,,,135,,,,5,0,,,,"True","False",
"ENTREPRISE GENERAL TANJONA","C00078",,"LOT PRES II H 34 TER ANKADIDRAMAMY",,,,135,"22 40545/22 414 24",320232046,,5,0,30621813,,,"True","False",
"CO RAKOTOMANGA Eugene","C00079",,,,,,135,,,,5,0,,,,"True","False",
"BCTP","C00080",,,,,,135,,,,5,0,,,,"True","False",
"MBSO","C00081",,,,,,135,,,,5,0,,,,"True","False",
"SONATRA","C00082",,,,,,135,,,,5,0,,,,"True","False",
"MEDICAL INTERNATIONAL","C00083",,,,,,135,,,,5,0,,,,"True","False",
"JIRAMA","C00084",,,,,,135,,,,5,0,,,,"True","False",
"Mahajanga Tour Hotellerie MTH","C00085",,,,,,135,,,,5,0,,,,"True","False",
"MADAGREEN","C00086",,,,,,135,,,,5,0,,,,"True","False",
"HARVEST","C00087",,,,,,135,,,,5,0,,,,"True","False",
"ENTREPRISE MAHAY","C00088",,,,,,135,,,,5,0,2143731,,,"True","False",
"SOAM","C00089",,,,,,135,,,,5,0,,,,"True","False",
"PIC","C00090",,,,,,135,,,,5,0,6954068,,,"True","False",
"CO ABDOUL MADJID","C00091",,"DISCODIN",,,,135,341053344,,,5,0,,,,"True","False",
"QUINCAILLERIE  FIRAISANA","C00092",,,,,,135,,,,5,0,,,,"True","False",
"TRISTAR","C00093",,,,,,135,,,,5,0,2747466,,,"True","False",
"EUROPALU","C00094",,,,,,135,,,,5,0,9351813,,,"True","False",
"STI","C00095",,,,,,135,,,,5,0,50000073691,"503 02 31 1998 0 00 110 ",139077,"True","False",
"BOIS DE MADAGASCAR","C00096",,,,,,135,,,,5,0,671813,,,"True","False",
"ETABLISSEMENT FIROZEHOUSSEN","C00097",,,,,,135,,,,5,0,3139501,,,"True","False",
"SOCIETE JIWAJEE","C00098","M.FIROZE","BP4 VOHEMAR",,,,135,2238313,,,5,0,1050072,,,"True","False",
"PROBAT","C00099",,,,,,135,,,,5,0,,,,"True","False",
"ADEMA","C00100",,,,,,135,,,,5,0,,,,"True","False",
"Maison FrŠre THEOPHANE","C00101",,,,,,135,,,,5,0,,,,"True","False",
"AREMEC","C00102",,"LOT IVX 72 ANKAZOMANGA",,,,135,"23 349 41","22 691 55",,5,0,2300819,,,"True","False",
"SOCOMA","C00103",,,,,,135,,,,5,0,105007017,,,"True","False",
"ETABLISSEMENT DES AMIS","C00104","M. FERIDALY","BAT SOPROMACO AMPASIKA MAJUNGA",,,,135,,,,5,0,2799401,,,"True","False",
"SOCIETE YKA","C00105",,,,,,135,,,,5,0,105000596,,,"True","False",
"SALONE","C00106",,,,,,135,,,,5,0,105000423,,,"True","False",
"TRANSPORT VATSY","C00107",,,,,,135,,,,5,0,,,,"True","False",
"MABYLO","C00108",,,,,,135,,,,5,0,,,,"True","False",
"MADAGASCAR EXPRESS","C00109",,,,,,135,,,,5,0,,,,"True","False",
"HASSANALY CHAHICK LUXOR","C00110",,,,,,135,,,,5,0,6614449,,,"True","False",
"SOCIETE TSIORY SARL","C00111",,,,,,135,,,,5,0,,,,"True","False",
"ONG FRERE DE ST GABRIEL","C00112",,,,,,135,,,,5,0,1389501,,,"True","False",
"OTI","C00113",,,,,,135,,,,5,0,,,,"True","False",
"NEW PRINT","C00114",,,,,,135,,,,5,0,,,,"True","False",
"R.V.S","C00115",,,,,,135,,,,5,0,,,,"True","False",
"I.D.F","C00116",,,,,,135,,,,5,0,105006713,,,"True","False",
"CO ISSOUFALY AFIFA","C00117","HEDARALY",,,,,135,320712617,,,5,0,,,,"True","False",
"HOUSSEN TAHERAKATOUNE","C00118",,,,,,135,,,,5,0,,,,"True","False",
"CAMUSAT MADAGASCAR","C00119",,,,,,135,,,,5,0,,,,"True","False",
"CO RAKOTOZAKA PERLIN JACQUES","C00120",,,,,,135,331134803,,,5,0,,,,"True","False",
"CO RASOLOARIMANANA TANTELY","C00121",,"LOT 28 Cit‚ BERYL ROSE TAMATAVE",,,,135,,,,5,0,,,,"True","False",
"SIPROMAD","C00122",,,,,,135,,,,5,0,,,,"True","False",
"KINGA","C00123",,"LOT 24 Q 11 AVENUE DE L'INDEPENDANC","ANTSIRABE",,,135,"4 405 141",,,5,0,14926708,,,"True","False",
"AGETIPA","C00124",,,,,,135,,"22 330 88",,5,0,291828,,,"True","False",
"ICMM","C00125",,,,,,135,"22 496 24","22 496",,5,0,105000857,,,"True","False",
"CO ISSOUFALY ABID HOUSSEN","C00126",,,,,,135,,,,5,5000000,,,,"True","False",
"CO ISSOUFALY SABIR HOUSSEN","C00127",,,,,,135,,,,5,0,,,,"True","False",
"CO KASSIM BRUNO","C00128",,,,,,135,,,,5,0,,,,"True","False",
"CO PIRBAY JAPY SALIMA","C00129",,"Villa Catenay rue Lambert Salazamay",,501,"Tamatave",135,,,,5,0,,,,"True","False",
"J.M.L","C00130",,,,,,135,,,"jml.cd@moov.mg",5,0,2117546,,,"True","False",
"CO THIERRY BOULOCK","C00131",,,,,,135,,,,5,0,,,,"True","False",
"I.C.C","C00132",,,,,,135,,,,5,0,,,,"True","False",
"QUINCAILLERIE 2000","C00133",,,,,,135,,,,5,0,,,,"True","False",
"REPTEL","C00134",,,,,,135,,,,5,0,,,,"True","False",
"MAKIPLAST","C00135",,,,,,135,,,,5,0,,,,"True","False",
"SOFITRANS","C00136",,,,,,135,,,,5,0,,,,"True","False",
"ZITAL","C00137",,,,,,135,,,,5,0,,,,"True","False",
"GRAPHIC LAND","C00138",,,,,,135,,,,5,0,,,,"True","False",
"EQUIPBAIL MADAGASCAR","C00139",,,,,,135,,,,5,0,,,,"True","False",
"SIPROMAD COMMERCE ET DISTRIBUTION","C00140",,,,,,135,,,,5,0,,,,"True","False",
"CO RAZAKARIMALA FIDY","C00141",,,,,,135,,,,5,0,,,,"True","False",
"CO MAMODE VALJEE AMIN","C00142",,,,,,135,,,,5,0,,,,"True","False",
"SUN AND SEA SARL","C00143",,,,,,135,,,,5,0,,,,"True","False",
"MOUF'REY","C00144",,,,,,135,,,,5,0,,,,"True","False",
"CHOCOLATERIE ROBERT","C00145",,,,,,135,,,,5,0,105000326,15825111939010000,,"True","False",
"SOCIETE   NETTER","C00147",,,,,,135,,,,5,0,,,,"True","False",
"EDEN","C00148",,,,,,135,,,,5,0,,,,"True","False",
"COATS MADAGASCAR","C00149",,,,,,135,,,,5,0,,,,"True","False",
"IBL GROUP","C00150",,,,,,135,,,,5,0,,,,"True","False",
"EQUIPBAIL- MADAGASCAR","C00151",,"BP 006 ANTANANTANANA MANTASOA",,,,135,"22 384 66","22 370 27",,5,0,659876,,,"True","False",
"CO RATOVONAR  FRANCINE","C00152",,,,,,135,,,,5,0,,,,"True","False",
"VITAFOAM","C00153",,"BP859 Immeuble COMACAT Ankorondrano",,,,135,"22 219 40",,,5,0,,,,"True","False",
"CO RAKOTONDRABARY  NORBERT","C00154",,,,,,135,,,,5,0,,,,"True","False",
"SOA DISTRIBUTION","C00155",,,,,,135,,,,5,0,,,,"True","False",
"MADCOURRIER","C00156",,"ZONE FILATEX ANKADIMBAHOAKA",,,"ANTANANARIVO",135,,,,5,0,4458768,,,"True","False",
"MADA AVIATION","C00157",,"ZI FILATEX ANKADIMBAHOAKA",,101,,135,,,,5,0,5562642,,,"True","False",
"HUXICO","C00158",,,,,,135,,,,5,0,,,,"True","False",
"TOAMASINA OIL PLANTS SARL GRP TIKO","C00159",,,,,,135,,,,5,0,,,,"True","False",
"SOAMANORINA","C00160",,,,,,135,,,,5,0,,,,"True","False",
"BRITA SARL","C00161",,,,,,135,,,,5,0,,,,"True","False",
"EGCT","C00162",,,,,,135,,,,5,0,,,,"True","False",
"TED","C00163",,,,,,135,,,,5,0,,,,"True","False",
"EDICOM","C00164","TOKY RAKOTONDRAMANANA","28 RUE ANDRIANAMPOINIMERINA",,,,135,"22 308 46","22 346 76","touquier@hotmail.com",5,5000000,2181523,,,"True","False",
"FIKRIFAMA","C00165",,,,,,135,,,,5,0,,,,"True","False",
"TOA","C00166",,,,,,135,,,,5,0,,,,"True","False",
"CDR DECO","C00167",,,,,,135,,,,5,0,,,,"True","False",
"ENT CGI","C00168",,,,,,135,,,,5,0,,,,"True","False",
"ENTRAID","C00169",,,,,,135,,,,5,0,,,,"True","False",
"BCIO MAD","C00170",,"lot 64B ROUTE DE LA PISCINE AMBOHIB","AMBOHIBAO",,,135,"0320205148/0331101845",,,5,0,1551935,,,"True","False",
"INFO'S ONE (SERVICE)","C00171",,,,,,135,,,,5,0,,,,"True","False",
"IMPRIMERIE 2000","C00172",,,,,,135,,,,5,0,,,,"True","False",
"ALOE SERVICE","C00173",,,,,,135,,,,5,0,1,,,"True","False",
"SICOMAD","C00174",,"29 rue DE LA LIBERATION BP212",,,,135,"62 29312/0330518362/","62 222 40",,5,0,76756713,,,"True","False",
"MADARAIL","C00175",,,,,,135,,,,5,0,,,,"True","False",
"ZANDINA","C00176",,,,,,135,,,,5,0,,,,"True","False",
"SCB","C00177",,,,,,135,,,,5,0,,,,"True","False",
"ETABLISSEMENT MICHELE","C00178",,,,,,135,,,,5,0,,,,"True","False",
"SODEAM","C00179",,,,,,135,,,,5,0,,,,"True","False",
"BATITOP","C00180",,,,,,135,,,,5,0,,,,"True","False",
"QUINCAILLERIE TAHERI","C00181",,,,,,135,,,,5,0,,,,"True","False",
"FATEALY ADAMALY","C00182",,"Rue Bezara Antsiranana",,,,135,320474975,,,5,0,5314540,,,"True","False",
"ENTREPRISE CLEM","C00183",,,,,,135,,,,5,0,,,,"True","False",
"RAJAONAH LEON FIDELE","C00184",,"LOT II K36 C MAHATONY","ANTANANARIVO",,,135,,,,5,0,4257656,,,"True","False",
"LIBRAIRIE ANTSO","C00185",,"Imarivolanitra",,,,135,"0320534710 22 208 86",,,5,0,,,,"True","False",
"CO RAFANOMEZANTSOA JEAN CLAUDE","C00186",,,,,,135,"0330791428/03311",,,5,0,,,,"True","False",
"TRANOMBAROTRA AU ZAVA MORA","C00187",,"Boulevard Augagneur 501Tamatave",,,,135,,,,5,0,3359501,,,"True","False",
"TM IMPORT EXPORT TRADING","C00188",,,,,,135,,,,5,5000000,,,,"True","False",
"CAROMAD","C00189",,,,,,135,,,,5,0,,,,"True","False",
"FERIDALY","C00190",,"LOT83/393 AMBOVOALANANA MAJUNGA",,,,135,,,,5,20000000,13806765,,,"True","False",
"ENGEMAFI","C00191",,,,,,135,,,,5,0,,,,"True","False",
"MARBOUR SA","C00192",,,,,,135,,,,5,0,,,,"True","False",
"ETABLISSEMENT SS","C00193",,"LOT II N 03 Masikara  Anjanahary",,,,135,"22 304 82",,,5,0,706556,,,"True","False",
"TIA SARL","C00194",,,,,,135,,,,5,0,,,,"True","False",
"FIDAHOUSSEN HOUNEIN","C00195",,"BP20 TSARARIVOTRA Port Berg‚",,,,135,320708352,,,5,0,1133939,,,"True","False",
"BONNET &FILS TANA","C00196",,,,,,135,,,,5,0,,,,"True","False",
"CO OLGA HERINIVONTSOA NARILALA","C00197",,,,,,135,,,,5,0,,,,"True","False",
"CAIT LA SOURCE","C00198",,,,,,135,,,,5,0,,,,"True","False",
"TIKO TANJOMBATO","C00199",,,,,,135,,,,5,0,,,,"True","False",
"SAVONNERIE TROPICALE","C00200",,,,,,135,,,,5,0,,,,"True","False",
"COTONA ANTSIRABE","C00201",,,,,,135,,,,5,0,,,,"True","False",
"CO NISSAT DANDJEE","C00202",,,,,,135,,,,5,0,,,,"True","False",
"SHOPTEX","C00203",,,,,,135,,,,5,0,,,,"True","False",
"CO RAKOTOHASIMBOLA ANTOINE","C00204",,,,,,135,,,,5,0,,,,"True","False",
"PMM","C00205",,,,,,135,,,,5,0,,,,"True","False",
"SOMATRAFER","C00206",,,,,,135,,,,5,0,,,,"True","False",
"CAPINTEL","C00207",,,,,,135,,,,5,0,,,,"True","False",
"MAGASIN ELEGANCE","C00208",,,,,,135,,,,5,0,,,,"True","False",
"CNaPS","C00209",,,,,,135,,,,5,0,,,,"True","False",
"RAMIANDRISOA JOB","C00210",,"BP006 ANTANATANANA MANTASOA",,,,135,,,,5,0,659876,,,"True","False",
"LOCHIME VOLOLONIRINA","C00211",,,,,,135,,,,5,0,1,,,"True","False",
"BALLOU","C00212",,,,,,135,,,,5,0,,,,"True","False",
"MADAVIGILE","C00213",,,,,,135,,,,5,0,,,,"True","False",
"ADONIS RECUP'OIL","C00214",,"Propi‚t‚ Reziky Antsahavory","Antehiroka Ambohijanahary BP264",,,135,,,,5,0,3831813,,,"True","False",
"SILVER WINGS","C00215",,,,,,135,,,,5,0,,,,"True","False",
"CONSTRUCT","C00216",,,,,,135,,,,5,0,,,,"True","False",
"CO RAVELOMANANTSOA","C00217",,,,,,135,,,,5,0,,,,"True","False",
"ALPHATEK","C00218",,,,,,135,,,,5,0,,,,"True","False",
"SDV SCAC","C00219",,,,,,135,,,,5,0,,,,"True","False",
"IKO SARL","C00220",,,,,,135,,,,5,0,,,,"True","False",
"ACCESS BANQUE","C00221",,,,,,135,,,,5,10000000,,,,"True","False",
"MTC","C00222","M.Moise","BP 11134 ROUTE DIGUE",,,,135,"2362720/0320703468","23 321 11","mtc@moov.mg",5,0,,,,"True","False",
"DAVID SHOP","C00223",,,,,,135,,,,5,0,,,,"True","False",
"MADARENTAL","C00224",,,,,,135,,,,5,0,,,,"True","False",
"PECHE ET FROID OCEAN INDIEN","C00225",,,,,,135,,,,5,0,121111,,,"True","False",
"ARC EN CIEL","C00226",,"SOANERANA",,,,135,,,,5,0,3960945,,,"True","False",
"SOCIETE INNOVA","C00227",,,,,,135,,,,5,0,,,,"True","False",
"FEVRIER JEAN CLAUDE","C00228",,,,,,135,,,,5,0,,,,"True","False",
"MARCHE DEMADAHOUFI FIDALY HOUSSEN","C00229",,,,,,135,,,,5,0,,,,"True","False",
"QUINCAILLERIE MORAHITA","C00230",,"TAMATAVE",,,,135,,,,5,0,,,,"True","False",
"TIKO OIL PRODUCTS A/BE","C00231",,"MAHAFALY ANTSIRABE BP345",,,,135,"261 20 44 496 13",,,5,0,105009337,,,"True","False",
"INSTAT","C00232",,,,,,135,,,,5,0,,,,"True","False",
"CODAL SA","C00233",,,,,,135,,,,5,0,,,,"True","False",
"WWF","C00234",,,,,,135,,,,5,0,,,,"True","False",
"ECOLE CLAIRE FONTAINE","C00235","M.RADAVIDRA","LOT II J 149F AMBODIVOANJO",,,,135,"2 243 367",,,5,0,16536,,,"True","False",
"BOIS ET CONSTRUCTIONS EXPORT","C00236",,"BP 7551","Manandriana Avaradrano",,,135,"22 434 48","22 497 34","bois.construction@moov.mg",5,0,421827,,,"True","False",
"QUINCAILLERIE TSY MANAVAKA","C00237",,,,,,135,,,,5,0,,,,"True","False",
"GULFSAT","C00238",,,,,,135,,,,5,0,,,,"True","False",
"TRANSPORT RAZAFINDRATAFIKA BENJAMIN","C00239",,,,,,135,,,,5,0,,,,"True","False",
"ECONERGY","C00240",,,,,,135,,,,5,0,,,,"True","False",
"CO RAKOTOSON JEAN CLEMENT","C00241",,,,,,135,,,,5,0,,,,"True","False",
"COMMUNE URBAINE D'ANTSIRABE","C00242",,,,,,135,,,,5,0,,,,"True","False",
"AMCI","C00243",,"Talatamaty enceinte LABOMECA",,,,135,"2 244 154","2 244 538","amci@moov.mg",5,0,32231813,,,"True","False",
"CO RAVELOARISON RITA VONIMBOLA","C00244","M.RAVOLOARISON","LOT II 615 C TER AI AMBATOMARO",,,,135,3314218006,,,5,0,,,,"True","False",
"AVITECH","C00245",,,,,,135,,,,5,0,,,,"True","False",
"CO PALIS ERIC","C00246",,,,,,135,,,,5,0,,,,"True","False",
"TRANSPORT RR","C00247",,,,,,135,,,,5,0,,,,"True","False",
"ENTREPRISE HERA","C00248",,"LOT B 88 A ANDAFI AVARATRA","AMBOHITRARAHABA",,,135,331179416,,,5,0,6024836,,,"True","False",
"C0 GUILLOT JEAN LUC","C00249",,,,,,135,,,,5,0,,,,"True","False",
"EKAR SAMBAVA CENTRE","C00250","M LOO-KI",,,,,135,324993824,,,5,0,,,,"True","False",
"SOGECOA","C00251","Mlle TONG",,,,,135,331270125,,,5,0,,,,"True","False",
"TOUT POUR LE BATIMENT","C00252",,"TAMATAVE",,,,135,,,,5,0,,,,"True","False",
"SODIM","C00253",,,,,,135,,,,5,50000000,125333,,,"True","False",
"CO WOOCHEET MANISHA","C00254",,"03 RUE LE TIMBRE","TAMATAVE",,,135,,,,5,0,,,,"True","False",
"PATISSERIE ECLAIR","C00255",,,,,,135,,,,5,0,,,,"True","False",
"TRANSPORT MAC EXPRESS","C00256","M.FABRICE",,,,,135,331212447,,,5,0,,,,"True","False",
"CCG","C00257",,,,,,135,,,,5,0,,,,"True","False",
"TES","C00258","M.CORNEIL","15,rue avenue de l'independance",,,,135,"22 252 06/0331125868","22 674 98",,5,0,30821813,,,"True","False",
"CUA","C00259",,,,,,135,,,,5,0,,,,"True","False",
"TAOMARO","C00260",,,,,,135,,,,5,0,,,,"True","False",
"LIHA BTP","C00261",,,,,,135,,,,5,0,,,,"True","False",
"SHOPRITE","C00262",,,,,,135,,,,5,0,,,,"True","False",
"SOPROMER","C00263","M. MANOU",,,3311830,,135,"22 308 58",331183005,,5,0,,,,"True","False",
"COOPERATIVE KINGA","C00264",,,,,,135,,,,5,0,,,,"True","False",
"ZEUS OCEAN INDIEN TOKY","C00265",,,,,,135,,,,5,0,,,,"True","False",
"JJ ENTREPRISE","C00266",,,,,,135,,,,5,0,,,,"True","False",
"RAZZAQ NAJM","C00267",,,,,,135,340514313,,,5,0,,,,"True","False",
"LAPORTE  RENE","C00268",,,,,,135,,,,5,0,,,,"True","False",
"CO RATSARAMIAFARA NY HAVANA H.","C00269",,,,,,135,"03311 552 26",,,5,0,,,,"True","False",
"MINISTERE SPORT ET DE LA CULTURE","C00270","Rambininaharimarina",,,,,135,"03311 215 72",,,5,0,,,,"True","False",
"INTER COOPERATION","C00271",,"LOT II Y 50BIS F FORT DUCHESNE","BP3044",,,135,"2261205ýý",2261173,,5,0,,,,"True","False",
"G-TRANSPORT","C00272",,,,,,135,,,,5,0,,,,"True","False",
"SOCIETE GATi","C00273",,,,,,135,,,,5,0,,,,"True","False",
"SOCOBIS","C00274",,,,,,135,"22 242 84",,,5,0,,,,"True","False",
"L'AGENCE ANDROHIBE","C00275",,"LOT II M 46T ANDROHIBE",,,,135,,,,5,0,,,,"True","False",
"LA PRESIDENCE","C00276",,,,,,135,,,,5,0,,,,"True","False",
"VIP FREIGHT","C00277",,,,,,135,,,,5,0,,,,"True","False",
"CO BADOURALY YANIK REZA","C00278",,,,,,135,,,,5,0,,,,"True","False",
"CO FIDALY HOUSSEN","C00279",,,,,,135,,,,5,0,,,,"True","False",
"STE RAHANTARISOA","C00280",,,,,,135,,,,5,0,,,,"True","False",
"CO RABEMANANJARA CHRISTIAN","C00281",,"LOT 19D125 ANTSIRABE",,,,135,,,,5,0,,,,"True","False",
"TARZAN SARL","C00282",,"2rue RABEFIRAISANA ANALAKELY",,,,135,,,,5,0,10106134,,,"True","False",
"DREFT","C00283",,"betsiboka Majunga",,,,135,,,,5,0,,,,"True","False",
"CAP STE MARIE","C00284","M.La Martina","rue Fran‡ois de Mahy TAMATAVE 501",,,,135,320550124,,,5,0,3989561,,,"True","False",
"CO RAZAFINTSOA ALBERT","C00285",,,,,,135,,,,5,0,,,,"True","False",
"RAVAOMANARIVO BERTHINE","C00286",,"III D 10BIS ARIVONIMAMO",,,,135,"0340188811/13",,,5,0,,,,"True","False",
"HALIEUTIQUE OCEAN INDIEN","C00287",,"LOT 11015 ANOSIBE",,,,135,330855092,,,5,0,,,,"True","False",
"ASHIKHOUSSEN MOURTAZA","C00288",,,,,,135,,,,5,0,,,,"True","False",
"CO RAKOTONDRAVONY","C00289",,"LOT 21 PLLE 13/71 TANAMBAO V",,,,135,,,,5,0,,,,"True","False",
"MADGASCAR TRANSAIR","C00290","M. DE FOUCAULT",,,,,135,320700123,,,5,0,,,,"True","False",
"E.P.S","C00291","M.GOFFROY",,,,,135,320500709,,,5,0,,,,"True","False",
"PLAST ALLIANCE","C00292",,,,,,135,,,,5,0,,,,"True","False",
"MADA MOBILE","C00293",,,,,,135,,,,5,10000000,,,,"True","False",
"MENU BAT","C00294",,,"TAMATAVE",,,135,,,,5,0,,,,"True","False",
"TRANSPLUS","C00295",,,,,,135,,,,5,0,,,,"True","False",
"G4S","C00296",,,,,,135,,,,5,0,,,,"True","False",
"AMEDALY ISMAEL","C00297",,,,,,135,6223429,,,5,0,,,,"True","False",
"SIPAM","C00298",,"LOT II G TER C AMBATOMARO",,,,135,331194186,,,5,0,31041813,,,"True","False",
"RAVARIMBIARIVELO PIERRETTE MARIE I.","C00299",,"LOT III B 16 MAHAMASINA",,,,135,,,,5,0,,,,"True","False",
"ALUTECH","C00300",,,,,,135,,,,5,0,,,,"True","False",
"MAEP/MECI/FCCI","C00301","PROSPERER","PROSPERER LOT W27 D ANKORAHOTRA",,,"ANTANANRIVVO",135,,,,5,10000000,,,,"True","False",
"RAMALANJAONA FANJA MARIE LISE","C00302",,"LOT VF 63TER ANKORAHOTRA",,,,135,,,,5,0,,,,"True","False",
"STRAMCO","C00303",,,,,,135,320706621,,,5,0,,,,"True","False",
"BIJOUTERIE MANOU","C00304",,,,,,135,,,,5,0,,,,"True","False",
"PRO IMMO CONSTRUCTION","C00305",,,,,,135,,,,5,5000000,,,,"True","False",
"ETERIA","C00306",,"AD 01 BIS ANKADIKELY ILAFY",,,,135,320777005,,,5,0,,,,"True","False",
"STIM","C00307",,,,,,135,,,,5,0,,,,"True","False",
"ENTREPRISE NANTENAINA","C00308",,"Mahavatsy I TULEAR",,,,135,320523930,,,5,0,,,,"True","False",
"OFFICE TRADING","C00309",,,,,,135,,,,5,0,,,,"True","False",
"TRANSAFI","C00310",,,,,,135,,,,5,0,,,,"True","False",
"ECOPRIM","C00311","M.VASTA",,,,,135,,,,5,0,,,,"True","False",
"PROCHIMAD","C00312",,,,,,135,,,,5,0,,,,"True","False",
"BFV-SG","C00313",,,,,,135,,,,5,0,,,,"True","False",
"ZTE","C00314",,,,,,135,,,,5,0,,,,"True","False",
"STIMEX","C00315",,,,,,135,,,,5,0,,,,"True","False",
"TOUGH STUFF","C00316","M.ADRIAAN MOL",,,,,135,"033 02 214 05",,,5,0,,,,"True","False",
"MAGASIN PARADISA","C00317",,"16 RUE AMIRAL BILLARD",,,,135,,,,5,0,105013867,,,"True","False",
"MOHAMEDY","C00318",,,,,"TULEAR",135,,,,5,0,,,,"True","False",
"ENTREPRISE JJ","C00319",,,,,,135,,,,5,0,,,,"True","False",
"DELTA","C00320",,,,,,135,,,,5,0,,,,"True","False",
"ENTREPRISE DE CONSTRUCTION ANDRISOA","C00321",,,,,,135,,,,5,0,,,,"True","False",
"ACTUAL TEXTILES","C00322",,,,,,135,,,,5,0,,,,"True","False",
"WATER AGRI","C00323",,,,,,135,,,,5,0,,,,"True","False",
"CO MANUELLA MARIE","C00324",,,,,,135,,,,5,0,,,,"True","False",
"ECA SERVICES","C00325",,,,,,135,,,,5,0,,,,"True","False",
"CO MAMODEHOUSSENE IRSADE","C00326",,"LOGT 543 CITE AMPEFILOHA",,,,135,"034 07 500 22",,,5,500000000,,,,"True","False",
"AMBASSADE DE FRANCE","C00327",,,,,,135,,,,5,0,,,,"True","False",
"BUDHA CLUB","C00328",,"BP775",,,,135,2431776,,"budha.club@yahoo.fr",5,0,52651813,,,"True","False",
"SOCIETE D'IMPORTATION DE L'ILE ROUG","C00329",,"AZB 154 ANOSIZATO OUEST",,,,135,"0330710016/0340312037",,"patrick_rajoelina@gmail.com",5,0,49271813,,,"True","False",
"LOYENS SANDRINE","C00330",,"TAMATAVE",,,,135,,,,5,0,,,,"True","False",
"CDE HORIZON","C00331",,,,,,135,,,,5,0,,,,"True","False",
"RTA","C00332",,,,,,135,,,,5,0,,,,"True","False",
"RAHANTANIRINA LALAO","C00333",,,,,,135,324695899,,3246,5,0,,,,"True","False",
"REVAFORAGE","C00334",,,,,,135,,,,5,0,,,,"True","False",
"WIDE","C00335",,,,,,135,,,,5,0,,,,"True","False",
"MADIMEX","C00336",,,,,,135,,,,5,0,,,,"True","False",
"MADAGASCAR RECEPTION","C00337",,,,,,135,,,,5,0,,,,"True","False",
"CYBER SPEED","C00338",,,,,,135,,,,5,0,,,,"True","False",
"FACROUDINE TAHERALY","C00339",,"04 RUE BERTHO TAMATAVE",,,,135,,,,5,0,,,,"True","False",
"RALISON PATRICK","C00340",,"MANGARIVOTRA LOT 44 TAMATAVE",,,,135,,,,5,0,,,,"True","False",
"ONG GROUPE DEVELOPPEMENT","C00341",,,,,,135,,,,5,0,,,,"True","False",
"SOGEDITANA","C00342",,"ANKERANA",,,,135,,,,5,0,,,,"True","False",
"ATELIER RACHEL","C00343",,,,,,135,,,,5,0,,,,"True","False",
"MAJINCO","C00344",,"2 RUE INGEREZA","BP51",,,135,,,,5,0,10701510,,,"True","False",
"QUINCAILLERIE ANTSA","C00345",,,,,,135,,,,5,0,,,,"True","False",
"CO RAJOBSON","C00346",,"LOT IIK 60D MAHATONY IVANDRY",,,,135,"033 33 100 02/2243642",,,5,0,,,,"True","False",
"SOCIETE AVOSOA","C00347",,,,,,135,,,,5,0,16306353,,,"True","False",
"Z Z ET MOBILIER","C00348",,"LOT II I 164 TER ALAROBIA",,,,135,,,,5,0,,,,"True","False",
"OCEAN TRADE C0","C00349",,"BP 21 BIS ANDRAHARO",,,,135,"23 303 03",,"oceantra@dts.mg",5,0,105000562,,,"True","False",
"DREAM MATTRESS","C00350",,"IMMEUBLE RIRIRAZ LOT SIAH 33 ANALAK",,,,135,,,,5,0,,,,"True","False",
"HNM DIFFUSION","C00351",,,,,,135,,,,5,0,,,,"True","False",
"SO.MA.TOLES","C00352",,"AMBALAVOLA",,,,135,2229781,,,5,0,9475760,,,"True","False",
"CO LIN SHIXIONG","C00353",,"VILLA BEATRICE MAIBAHOAKA IVATO",,,,135,,,,5,0,,,,"True","False",
"RAMIANDRASOA ANJA","C00354",,,,,,135,,,,5,0,,,,"True","False",
"VISION VALLEY","C00355",,,,,,135,,,,5,0,,,,"True","False",
"SOCIETE MANAO SOA","C00356",,"LOT III G26 ANTOHOMADINIKA",,,,135,,,,5,0,,,,"True","False",
"NOVELTA","C00357",,"24 RUE AMIRALE BIAR",,,,135,,,,5,0,106000689,,,"True","False",
"EUREKA","C00358",,,,,,135,,,,5,0,,,,"True","False",
"MAC SIOU TSONG FABRICE","C00359",,"LOT PN 32 Ter Ankadindratombo",,,,135,"033 12 124 47",,,5,500000000,,,,"True","False",
"CO RAZAFINDRAMIARINA EMILE SOLO","C00360",,,,,,135,,,,5,0,,,,"True","False",
"CO RAMAHERISON ISABELLE DOROTHY","C00361",,,,,,135,,,,5,0,,,,"True","False",
"ECOA ENTREPRISE COMMERCIALE","C00362",,,,,,135,,,,5,0,,,,"True","False",
"SAIFY SHOP","C00363",,,,,,135,,,,5,0,,,,"True","False",
"COTECH","C00364",,,,,,135,,,,5,0,,,,"True","False",
"CO MALEKA HANIPHE","C00365",,,,,,135,,,,5,0,,,,"True","False",
"SIMAPRESS","C00366",,,,,,135,,,,5,0,,,,"True","False",
"TRACES","C00367",,,,,,135,,,,5,0,,,,"True","False",
"CO ABDOUL ALY","C00368",,,,,,135,,,,5,0,,,,"True","False",
"ONG ST GABRIEL","C00369",,,,,,135,,,,5,0,,,,"True","False",
"EASY NETCOM","C00370",,,,,,135,,,,5,0,,,,"True","False",
"QUINCAILLERIE REMI","C00371","MR REMI",,,,,135,,,,5,0,,,,"True","False",
"CO DELMOTTE NICOLAS","C00372",,,,,,135,,,,5,0,,,,"True","False",
"L? SHUSI","C00373",,,,,,135,,,,5,0,,,,"True","False",
"CO RAMIANDRISOA HOBITIANA","C00374",,,,,,135,,,,5,0,,,,"True","False",
"TRANSAF SARL","C00375",,,,,,135,,,,5,0,,,,"True","False",
"SPC PROPAIN","C00376",,,,,,135,,,,5,50000000,,,,"True","False",
"UNICEF","C00377",,,,,,135,,,,5,0,,,,"True","False",
"CO RADJAN MOUSTAFA","C00378",,,,,,135,,,,5,0,,,,"True","False",
"SGTRA","C00379",,,,,,135,,,,5,0,,,,"True","False",
"CO HASSANALY JACKYR HOUSSEN","C00380",,,,,,135,,,,5,0,,,,"True","False",
"I.O.I INDUSTRIE DE L'OCEAN INDIEN S","C00381",,"RN1 ANOSIBE ANGARANGANA ANTANANARIV",,,,135,2220603,,"salama@moov.mg",5,0,,,,"True","False",
"MALOCI","C00382",,,,,,135,,,,5,0,3381813,,,"True","False",
"CO KAZAFINJARA LALAO AGRIFA","C00383",,,,,,135,,,,5,0,,,,"True","False",
"TAIBALI SEZAHOUDINE","C00385",,,,,,135,,,,5,0,,,,"True","False",
"FAUR PARECAM","C00386",,,,,,135,,,,5,0,,,,"True","False",
"CO ARIF ASGARALY","C00387",,,,,,135,,,,5,0,,,,"True","False",
"ZARA STORE","C00388",,,,,,135,,,,5,0,,,,"True","False",
"CO SPINAZZE","C00389",,,,,,135,,,,5,0,,,,"True","False",
"CO NOURZAN JEANMAMOD PANDZOU","C00390",,,,,,135,,,,5,0,,,,"True","False",
"CO RAKOTOTOSON LANTOHERY","C00391",,,,,,135,,,,5,10000000,,,,"True","False",
"CO SERALY FERIDE","C00392",,,,,,135,,,,5,0,,,,"True","False",
"AUTO DIFFUSION","C00393",,,,,,135,,,,5,0,,,,"True","False",
"CO MOHIBHOUSSEN TANJILA","C00394",,,,,,135,,,,5,0,,,,"True","False",
"CO RASOLOFORIMANANA JEAN PEPIN","C00395",,,,,,135,,,,5,0,,,,"True","False",
"MAEXI MATERIAUX","C00396",,,,,,135,,,,5,0,8993665,,,"True","False",
"NOFY FOAM","C00397",,,,,,135,,,,5,500000000,8878685,,,"True","False",
"ESPACE HITECH","C00398",,,,,,135,,,,5,0,25191813,,,"True","False",
"A.R NEGOCE SARLU","C00399",,"LOT IVS 14BIS ANTANIMENA",,,,135,,,"arnegoce@gmail.mg",5,0,35491813,,,"True","False",
"AIR MADAGASCAR","C00400",,,,,,135,,,,5,50000000,,,,"True","False",
"ETABLISSEMENT SAHONDRA","C00401",,,,,,135,,,,5,0,2541329,,,"True","False",
"CO HIRDJEE KARIM NARGUIS","C00402",,,,,,135,,,,5,0,,,,"True","False",
"EFERMON VLADIMIR","C00403",,,,,,135,,,,5,0,,,,"True","False",
"CO NOUROUDINE DIVAN FARIDA","C00404",,,,,,135,,,,5,0,,,,"True","False",
"CO KATHOUNE LAILAH","C00405",,,,,,135,,,,5,0,,,,"True","False",
"CO MANOJE","C00406",,,,,,135,,,,5,0,,,,"True","False",
"ALAFIA NOUROUDINE","C00407",,,,,,135,,,,5,0,,,,"True","False",
"CO ANDRIAMANALINA HASIMANDRIANINA","C00408",,,,,,135,,,,5,0,,,,"True","False",
"CO ANISA","C00409",,,,,,135,,,,5,0,,,,"True","False",
"FOOD AND BEVERAGE","C00410","Mr Hassim Amiraly","Lot V A 46 Tsiadana Ampasanimalo",,,,135,"032 07 009 11/22 230 ","22 238 36",,5,0,55701813,"0 1500 11 2009 0 10408",,"True","False",
"FOOD & CO","C00411","MR VALLY IKBAL","IMMEUBLE COCIMA ANKARAOBATO TANJOMB",,,"ANTANANARIVO",135,,,,5,50000000,"5599I813","51366 11 2009 0 10452",,"True","False",
"FANJA SARAH","C00412",,"95 BERYL ROUGE PCELLE 1392",,,,135,330510620,,,5,0,,,,"True","False",
"CO CHRISTOPHE LE TALLEC","C00413",,"BP 149  NOSY BE",,,,135," 0320523456",,,5,0,,,,"True","False",
"AJSMM","C00414","Mr AMPIZARA Jean Luc","Villa Fanantenana Cit‚ Nouvelle ","Ville Parcelle 21/52 Toamasina",,"TAMATAVE",135,"0341812747",,,5,30000000,113836710,"5030331 2005 0 00509",,"True","False",
"SOCIETE SIEMA","C00415","Mr Selimanampy","Lot 475 Bis ME Mandrosoa IVATO",,,,135,2226682,,,5,0,8798280,"52 118 11 2003 0100 84",,"True","False",
"DUJARDIN DELACOUR & CiE","C00416",,"Mandrosoa ivato",,,,135,,,,5,0,,,,"True","False",
"CO HASSANALY RAZA","C00417",,,,,,135,,,,5,0,,,,"True","False",
"COMPAGNIE SALINIERE DE MADAGASCAR","C00418",,"4 - Rue Beniowsky BP29 ANTSIRANANA",,,,135,8221373,8229394,"consalmag@orange.mg",5,0,105002654,"039. 71500. 0",,"True","False",
"CO GABRIEL DJANKOU","C00419",,"ONU ANDRAHARO ANTANANARIVO",,,,135,,,,5,0,,,,"True","False",
"SOCIETE MIEZAKA","C00420","M.KARIM","Sahalava Fianarantsoa",,,,135,,,,5,0,61849301,51366,,"True","False",
"E/PRISE DE CONSTRUCTø& ATELIER META","C00421","M.MARTIAL","LOT 2B270 AMBODIVOLO MANAKARA SUD",,,,135,"033 11 059 78 ",,,5,0,,,,"True","False",
"MEGADIS","C00422",,"Bƒtiment dit ® ORCHIDEE ¯","MANGARANO TAMATAVE",,"ANTANANARIVO",135,,,,5,0,,"51367 11 1995 0 10068","005749 DGI/B du 07/08/09","True","False",
"JAO JOSEPH","C00423",,"TRANOMBAROTRA JIRANINAKA AMBILOBE",,,,135,327837474,,,5,500000000,,,,"True","False",
"FOCK KONG FRANCK OMER","C00424",,"MANAKARA",,,,135,331103802,,,5,0,,,,"True","False",
"PROLOMEN","C00425",,"MORONDAVA",,,,135,"0320552147",,,5,0,348457,"52 118 54 1980 0 00002","066127/DGI/B du 18/04/2009","True","False",
"NASSIM PIECES AUTOS","C00426","MR NASSIM","207 NOSY BE",,,,135,,,,5,0,,,,"True","False",
"HUO WAY KEON PASCAL","C00427",,"LOT II N 584 ANALAMAHITSY ANTSONJOM",,,,135,341145228,,,5,0,,,,"True","False",
"SOCIETE H.M.F","C00428",,"BP 201 ANTANIMENA ANTANANARIVO",,,,135,"032 11 600 75",,,5,5000000,107011488,"51431 11 2006 010 260",,"True","False",
"SERVICES MARITIMES OI - SMOI","C00429",,"Tsaralalana - ANTANANARIVO",,,,135,,,,5,0,107009815,"74134 11 1990 000048",,"True","False",
"STATION GALANA IARIVO","C00430",,"Soanierana - ANTANANARIVO",,,,135,,,,5,0,15223736,"50500 11 2010 01096","0125886/DGI/B","True","False",
"CO ABDOULRASOL AMIR","C00431",,"Lot 201 C Ankirikiry Antsohihy",,,,135,,,,5,0,,,,"True","False",
"CO SOURAYA FRANCIA","C00432",,,,,"MAJUNGA",135,"0320511659",,,5,0,,,,"True","False",
"ZAID AUTO","C00433","Mr ZAIDALY SERALY",,,,,135,"0320721387",,,5,0,,,,"True","False",
"OPHAM","C00434",,"Route des Hydrocarbures Ankorondran",,,,135,2220673,2232613,,5,0,105004379,51321111951010000,"0002021DGI-A du 05/06/2008","True","False",
"SMEF","C00435",,"Route Dique Ouest Ankadimbahoaka",,,,135,2230858,2228093,"secretariat@smef-grm.mg",5,0,105001755,"51331 11 1976 0 10004","005910/DGI/B  Ann‚e 2009","True","False",
"RABEZAHANA","C22436",,,,,"TAMATAVE",135,,,,5,0,,,,"True","False",
"NORD EXPRESS","C00437",,,,,,135,,,,5,0,,,,"True","False",
"SOGROMA DISTRIBUTION SA","C00438",,"68,Rue Pasteur Rabary Ankadivato An",,,,135,"22 30060/0320347872","22 30061","dg@ibuy.mg",5,20000000,"6294 18 13","51 366 11 20 10 0 10 130",,"True","False",
"CO BADOURALY STEPHANE","C00439",,,,,,135,,,,5,0,,,,"True","False",
"DOUNIA S A R L MAROANTSETRA","C00440","Besoa Erick","lot R 1/138 Androkaroka Maroants",,,,135,"032 05 951 75",,,5,0,,,,"True","False",
"U.TEX.MA","C00441","Mr Poonraj Dines","17 rue Mahafaka Tsaralalana 101 Ant",,,,135,331196164,,,5,0,,"51366 11 2005 0 01280",23514,"True","False",
"RAMAKAVELO HANITRA","C00442",,,,,,135,"034 04 488 44",,,5,0,,,,"True","False",
"RANDIMBISON HARITIANA   ","C00443",,"Logt B 15 CITE AMPEFILOHA",,,,135,"034 04 186 80",,,5,0,,,,"True","False",
"ABEDA BIBY","C00444",,"LOT ID 7 BIS EST VINANY AMBOSITRA",,,,135,"032 07 790 15 / 47 71",,,5,0,,,,"True","False",
"PREMJEE REZA STEPHANE","C00445",,"86 RUE LIEGE TSARALALANA",,,,135,"0320240348/0320223122",,,5,0,,,,"True","False",
"AUSTRAL MARITIME SERVICES","C00446","COSSETTINI Guntherberg Annie","Avenue de France","Mahavatse II",,,,135,"032 07 650 01",,,1,0,"323 373 4","61110 51 1999 0 00018",,"True","False"
"A LA BONNE SAUCISSE","C00447","TIGGEMAN OTTO N‚e RAZAFINDRAVELO NO","Avenue de France,Mahavatse II",,,,135,"032 07 650 01",,"amstulops@gmail.com",5,0,,"52211 51 2003 0 00039",,"True","False",
"SOCIETE SOMIR","C00448",,"Lot IVB 102 Ter Rue Margueritte Bar",,,,135,"0321160075",,,5,0,107004499,"70202 11 1998 0 100 19",,"True","False",
"INO VAOVAO.COM.SA","C00449","Mirasoa RAZANAMASY","8-10 Rue Rainizanabololona ","ANTANIMENA",,,135,"032 11 001 06",,,5,0,"55 111 813","22113 11 2009 0 10361",91847,"True","False",
"ULTIMA MEDIA","C00450","Monsieur Jean Marc RAVELOMANANTSOA","10 RUE RAINIZANABOLOLONA ANTANIMENA",,,,135,"22 354 33",,,5,0,98876778,"22113 11 2004 0 00238",,"True","False",
"FERTILIS","C00451",,,,,,135,,,,5,0,,,,"True","False",
"TAJ HOTEL","C00452",,,,,,135,,,,5,0,,,,"True","False",
"AMBASSADE DE RUSSIE","C00453",,,,,,135,,,,5,0,,,,"True","False",
"EURO DESIGN ","C00454",,"LOT AK42 TELOROZO","ANKADIKELY ILAFY",,,135,,,,5,0,"47 971 813","20221 11 2008 0 11053",,"True","False",
"IMPASINA CHAN YANE JEAN MARC","C00455",,"Lot I V C 290 ANTAIMBY SAMBAVA",,,,135,"032 07 104 21",,"ste.donia@yahoo.fr",5,30000000,1748672,"60301 72 1994 0 00002","0052632 ANNEE 2010","True","False",
"VICE PRIMATURE CHARGEE DE L?INTERIE","C00456",,"ANOSY",,,"ANTANANARIVO",135,,,,5,0,,,,"True","False",
"OFF SECURITE","C00457",,"FIRAISANA TANAMBAO V TOAMASINA",,,,135,,,,5,1000000,9136170,"52118 31 1996 0 00049",,"True","False",
"E SERVICES PRO","C00458","Mme TANTELY RAJOBSON","IMMEUBLE ASSIST",,,,135,"22 436 42",,,5,0,"56 901 813","64102 11 2009 0 10537",,"True","False",
"DOKANY IMPORTE","C00459",,"BP 86 AMBILOMBE",,,,135,"032 40 155 20 ",,,5,0,"105 005 244",,,"True","False",
"KIKOO HOTEL","C00460","JOHAR NOFY FOAM","ANGLE RUE  CASTENEAU ET BD LIBERTE ","(201)DIEGO ",,,135,"034 07 621 48","82 82 228 69",,5,0,"133 662 01","5510271 2008 1 00312","0067038/DGI/B","True","False",
"LALA JENNY","C00461"," Kan Jiu Jun","Lot IVG 86 Behoririka ",,101,"Antananarivo",135,"033 12 364 98",,,5,0,12782143,"45212 11 1994 0 01177 ",83047,"True","False",
"BIKA FOAM","C00462",,"LOT M III 109 ANOSY AVARATRA",,,,135,,,,5,0,"56 861 813 ","36114 11 2009 0 10535 ",,"True","False",
"TRANSPORT ARM ","C00463",,"Talatamaty",,,,135,,,,5,0,107006091,60301112007100000,3219,"True","False",
"TSARABARIA","C00464","PAOUAN","VOHEMAR",,,"VOHEMAR",135,"88 910 91",,,5,0,,,,"True","False",
"YANG NAN","C00465","Marc BERJONT","ANTANANARIVO",,,,135,,,"m.berjont@arabesque-stock.com",5,5000000,,,,"True","False",
"GUILMANN","C00466","Bhalloo Houssen","Lot IV 074 Route des Hydrocarbures","Ankorondrano",101,"ANTANANARIVO",135,"034 05 057 86",,"hbhaloo@gmail.com",5,0,628211813,"51 366 11 2010 10135",,"True","False",
"EZOUDINE ZOEB","C00467","Ezoudine Zoeb","Mosqu‚e Bohra","Cit‚ Bouhrani Parc Anosizato",101,"ANTANANARIVO",135,,,,5,0,,,,"True","False",
"BARBET FETRA","C00468",,"SABOTSY ANJIRO",,,,135,343162250,,,5,0,,,,"True","False",
"RATSIMIHARA RIJA","C00469",,"VILLA N.11","VILLA PANORAMIQUE AMBATOBE",101,"ANTANANARIVO",135,324527417,,,5,0,,,,"True","False",
"BIENVENU","C00470",,"11440 SENGANINGA HELL VILLE NOSY",,,,135,320469608,,,5,20000000,,,,"True","False",
"HASSANALY RIZVANA","C00471",,"LOT IF 9 AMBALAVAO ISOTRY",,,,135,320471419,,,5,0,,,,"True","False",
"JAFFER BHANJI NOSRATH K.","C00472",,"LOT IAB 57 ANDRONONOBE ILAFY",,,,135,340107464,,,5,0,,,,"True","False",
"SOCIETE IMMOBILIERE MERALY","C00473","MR MERALY",,,,,135,341105178,,,5,0,9639580,12200300002,"0124057/DGI/B","True","False",
"DANYKOM","C00474",,"AMBODIVONIKELY AMBOHIMANARINA",,,,135,2335636,,,5,0,2533944,"45212 11 1998 0 00070",,"True","False",
"THIOLLIER MICHEL","C00475","M.ALTAF",,,,,135,"0340301981/0340713131",,,5,0,,,,"True","False",
"NOSAUTO","C00476",,,,,,135,320262693,,,5,0,237549,"71110 71 1980 0 00011",,"True","False",
"ETS FIROZEHOUSSENE","C00477",,"BP113 SAMBAVA",,,,135,320714306,,,5,0,105004051,"5136772 1993 0 000",,"True","False",
"AFH EXPORT","C00478",,"BP113 SAMBAVA",,,,135,320714306,,,5,0,1525850,"45212 21 1997 00004","DGI B 16082010","True","False",
"MIHARY TRADING COMPANY","C00479","NIVONIAINA MARIE CLARISSE","LOT II K 22 O Q ANDAVAMAMBA",,,,135,"2235926/0340510507",,,5,0,105009923,"51366 11 2004 000354",,"True","False",
"DAODO INTSAY","C00480","M.DAODO INTSAY","BP74 AMBILOBE",,,,135,324027502,,,5,0,,,,"True","False",
"VATO DESIGN","C00481",,"LOT 104 CITE BERYL ROSE ? TANAMBA",,,,135,,,,5,0,106009177,"14 101 31 2010 000259",20282,"True","False",
"RAVONIHARISOA MBOLATIANA","C00482",,,,,,135,331102074,,,5,0,,,,"True","False",
"QUINCAILLERIE ZISHAN AMIJEE PARINE ","C00483",,"NOSY BE VILLE",,,,135,321158393,,,5,0,39666207,"5211871 200 7000073",,"True","False",
"ILTAF TAHERALY","C00484",,"DUPLEXE 24 ANOSIZATO",,,,135,321158393,,,5,0,,,,"True","False",
"RABEHAMINA OLIVIER","C00485",,"ANKOROVAKA PORT BERGER",,,,135,331540851,,,5,0,,,,"True","False",
"ALI AZIZA","C00486",,,,,,135,,,,5,500000000,,,,"True","False",
"FAZELE MOHAMADHOUSSEN","C00487",,"LA BATTERIE HELL VILLE 207 NOSIBE",,,,135,320472463,,,5,0,,,,"True","False",
"SOCIETE MIZAMI","C00488",,"LOT IVG 167 BEHORIRIKA",,,,135,320425722,,,5,0,584142,"51324 11 1997 0 10098",133324,"True","False",
"HO-KIM HIPE ALAIN","C00489",,,,,,135,331103799,,,5,0,"107 001 862","60301 11 1997 0 00518","0122725 DGI-D","True","False",
"FIVE TRANSIT SARL","C00490","MME RASOLOSON BODO",,,,,135,"22 247 67",,,5,0,9181732,"63322 11 2003 0 10165",,"True","False",
"MANANTSARA ANJARA","C00491","M.HOUSSENE NISSA ",,,,,135,,,,5,0,,,,"True","False",
"ECOSUD HIGHTECH MOBILE","C00492","M.JOSELIN","BP 351 TULEAR",,,,135,324059672,,,5,25000000,81916724,"4521 251 2010 0 00066",,"True","False",
"JERABANO","C00493",,"CITE PLANTON II U 92A AMPAHIBE ","ANTANANARIVO",,,135,"0320721387/2221387",,,5,0,,,,"True","False",
"RIVIERE CHARLES HILAIRE LOIUS","C00494",,,,,,135,34433682,,,5,0,,,,"True","False",
"NAVNITAL MALDE KARA NILENE","C00495",,"CITE MALDE KARA TSARARIVOTRA ","MAJUNGA",,,135,320706852,,,5,0,,,,"True","False",
"SALIM KARMALY","C00496",,,,,,135,"2222282/0340109754",,,5,0,,,,"True","False",
"HABITAT &CONSTRUCTION DE MADAGASCAR","C00497","M/FIDAHOUSSEN  ZAHID","LOT II L 6 ANKADIVATO",,,,135,340200150,,"Hcm_mada@yahoo.fr",5,0,48711813,"45212 11 2008 0 10923","0004771 DGI-A","True","False",
"NSE GSM","C00498","MME CHEN PEN BODO","STE TAF ANKORONDRANO",,,,135,340560600,,"contact@taf.mg",5,0,107013007,"14321 11 1995 0 10089",,"True","False",
"YOUNOUSSE  D.M JDAFFADJY","C00499","M.NOURBAY JOHAR",,,,,135,"nofyfoam@yahoo.fr",,,5,0,,,,"True","False",
"AKBARALY GOULAMABASSE","C00500",,"MAISON  BADRI 38 RUE LAFAYETTE ","DIEGO",,,135,340762148,,,5,0,,,,"True","False",
"BOUDABAY TAMIMO","C00501",,"ISSAPRINTUE LAVIGERIE ","DIEGO",,,135,,,,5,0,,,,"True","False",
"BUTTIGIEG CHRISTIAN Michel Robert","C00502",,"BP 108 AMBOLOMBE",,,,135,,,,5,0,,,,"True","False",
"CASSIM DILCHADE ELIAS","C00503",,"LOT 3.14. 14 RUE POINT SIX TANAMBAO","DIEGO",,,135,,,,5,0,,,,"True","False",
"CASSIM NAOUCHADE","C00504",,"LOT 3.014 14 RUE POINT SIX TANAMBAO",,,,135,,,,5,0,,,,"True","False",
"ECOLE PRIVEE LES PETITS LUTINS","C00505",,"11 RUE AMIRAL PIERRE DIEGO",,,,135,,,,5,100000000,,,,"True","False",
"FOLIO MARIE FRANCE DOLIE","C00506",,"8 RUE SADICARNOT PLACE KABARY","DIEGO",,,135,,,,5,0,,,,"True","False",
"GOVINJEE ANANTE","C00507",,"APPT 23 BOULEVARD ETIENNE","DIEGO",,,135,,,,5,0,,,,"True","False",
"GOVINJEE RONINE","C00508",,"RUE JUSTIN BEVAZA TANAMBAO TSENA ","DIEGO",,,135,,,,5,0,,,,"True","False",
"HOTEL DE LA POSTE","C00509",,"RUE JEANNE DARC DOEGO",,,,135,,,,5,0,,,,"True","False",
"KOURBAN HOUSSEN NAZARALY","C00510",,"76 RUE COLBERT DIEGO",,,,135,,,,5,0,,,,"True","False",
"MOUNIBOU ISMAEL","C00511",,"8 RUE SADI CARNOT PLACE KABARY","DIEGO",,,135,,,,5,0,,,,"True","False",
"ISSAPRINT IMPRIMERIE","C00512",,"13 RUE LAVIGERIE BAZARKELI DIEGO",,,,135,,,,5,0,64696201,"2211971 71 2008 000202",,"True","False",
"MALECK GOULAM RASSOUL RAHIM","C00513","M. ALECK GOULAM",,,,,135,,,,5,0,,,,"True","False",
"ANDRIANIRINAMALALA HANITRA D.","C00514",,"LOT 140D ANKADIEFAJORO AVARATRA ","IKIANJA AMBOHIMANGAKELY",,,135,"0320208332/0320261085",,,5,0,,,,"True","False",
"XU JINXIONG","C00515","M.XU JINXIONG","IB 19 MALAZA ANDOHARANOFOTSY",,,,135,333764783,,,5,0,,,,"True","False",
"JULIA JULIENNE","C00516",,,,,,135,,,,5,0,,,,"True","False",
"OLIVIER BRUN","C00517",,,,,,135,,,,5,0,,,,"True","False",
"MBOTIFENO JEAN","C00518",,,,,,135,,,,5,0,,,,"True","False",
"MERALLY DJIVA SHAYIK ABASS","C00519","M.MERRALY DJIVA",,,,,135,"0325957531/2229687",,,5,0,,,,"True","False",
"RABENANTENAINA HENRI GABRIEL","C00520",,"LOT II J 17 BIS D IVANDRY",,,,135,331400055,,,5,0,,,,"True","False",
"JACQUELINE LOMBARDO","C00521",,"BP 1093 RUE DE LA GARE FIANARATSOA",,,,135,320464440,,,5,0,,,,"True","False",
"COMPAGNIE VIDZAR","C00522",,"Anosibe Angarangarana ANTANANARIVO",,,,135,"22 612 43 ",,,5,0,,"15916 11 1986 0 00033",,"True","False",
"COMMISSION ELECTORALE NATIONALE IND","C00523",,"Alarobia ? ANTANANARIVO",,,,135,,,,5,0,,,,"True","False",
"AMBASSADE DES ETATS UNIS D?AMERIQUE","C00524",,"Andranoro ? Andranomena",,,,135,"23 480 80",,,5,0,,,,"True","False",
"WINNERS? CHAPEL INTERNATIONAL","C00525",,"Andavamamba ? ANTANANARIVO",,,,135,"033 11 787 40",,,5,0,,,,"True","False",
"FONDS DES NATIONS UNIES POUR LA POP","C00526",,"Maison commune des nations unies","Galaxy Andraharo ? BP 1348  TANA",,,135," 23 300 92 ",,"Madagascar.office@unfpa.org",5,0,,,,"True","False",
"SOCIETE COMMERCIALE DE MORONDAVA","C00527",,"BP 7 MORONDAVA",,,,135,,,,5,0,1208249,51367,,"True","False",
"CONCEPT","C00528",,"IMMEUBLE CITIC BEHORIRIKA","A",,,135,,,,5,0,7883682,"72101 11 202 01848",,"True","False",
"MOHAMED ARMANALY KAMISSY","C00529",,"ENCEINTE CONQUETE ANTANIMENA",,,,135,320794045,,,5,0,,,,"True","False",
"MAISON DEWANY","C00530",,"FIANARANTSOA",,,,135,340523296,,,5,0,,,,"True","False",
"AINA MULTISERVICE ","C00531",,"Moramanga",,,,135,"033 12 878 33",,,5,0,,,,"True","False",
"SOCIETE MALGACHE D'EDITION","C00532","M.JAO","RUE RAVONINAHITRINIARIVO ","ANKORONDRANO",,,135,2222635,,,5,0,107009962,"22201 11 1942 0 00001",,"True","False",
"NAIVO RADANIELA","C00533","M.RAKOTONDRAIBE MAMY",,,,,135,"22 30100-0320717707",,"naivo.radaniela@dhl.com",5,0,,,,"True","False",
"RAMAKARARO RASOAVOLOLONA MARTHE","C00534",,,,,,135,340116691,,,5,0,,,,"True","False",
"MAC AUTO","C00535",,"10 RUE AVIATEUR GOULETTE ? BP133 ? ",,,"TAMATAVE",135,5330342,,,5,0,6002036,"51366 31 1999 0 00072","00202246  DGI-A DU 03/06/2010","True","False",
"TRANSPORTEUR MARITIME MAJUNGA","C00536",,"Mr VALLIMAMOD Younous ABBAS",,,,135,,,,5,0,"189 64 68 ","6110141 1987 1000 10 du 27/02/2006",,"True","False",
"TROIS NETCOM","C00537",,,,,,135,,,,5,0,"122 890 62 du 06/02/2006","51 601 11 2006 du 06/02/2006","0058009 DGI/B du 12/05/2010","True","False",
"HOUSSEN  ROSEMINE","C00538",,,,,,135,331102581,,,5,0,,,,"True","False",
"RAVAOZANANY","C00539",,,,,,135,324202606,,,5,0,,,,"True","False",
"SITMA","C00540",,"ZI ZONE FORELLO TANJOMBATO",,,,135,,,,5,0,105017258,50412111999100100,"0174072/DGI /B /08/06/10","True","False",
"IDRISS DJO","C00541",,"LOT 22E HAUTE VILLE 407 ANTSOHIHY",,,,135,320576670,,,5,0,,,,"True","False",
"ENTREPRISE ECRS","C00542","M.EDDIE","FARAFANGANA",,,,135,320464440,,,5,0,53752041,"4621225 2001 000005","0129948 DU 12/03/10","True","False",
"IBRAHIM MAMODHOUSSEN","C00543",,,,,,135,,,,5,0,,,,"True","False",
"YAVARLY MAMODALY","C00544",,,,,,135,320760702,,,5,0,,,,"True","False",
"FANG HONGQIN","C00545",,,,,,135,331115363,,,5,0,,,,"True","False",
"RAMANANTSALAMA HANTALALAINA LIVA","C00546",,"AMBODIVOANJO II J 109 ANTANANARIVO",,,,135,341006921,,,5,0,,,,"True","False",
"VANILLE MAD","C00547",,"SAROPODY TANJOMBATO",,102,"ANTANANARIVO",135,2246102,2246091,,5,0,105001534,"51216 72 2006 0 00034","0174202/DGI/B DU 01/07/10","True","False",
"JACQUI FARAFANGANA","C00548",,,,,,135,,,,5,0,,,,"True","False",
"THEODOSSIOU THEO ( Mr ABBA)","C00549",,"ANTANANARIVO",,,,135,340741713,,,5,0,,,,"True","False",
"ENTREPRISE MINIERE SINO AFRIQUE SRA","C00550","M.WAN JE","VILLA DANY PK121 MANDROSOA IVATO",,,,135,"2245547/0320450590",,,5,0,,,,"True","False",
"SOCIETE MENUISERIE D'ARANTA SARL","C00551","M.ABAD ABOALAH","RUE RANAIVOSON ARANTA MAHAJANGA",,,,135,340408835,,,5,0,8765060,"20221041 2002 0 00071",,"True","False",
"HUXICO","C00552","M.SAM","LOT IVL 176 ANOSIVAVAKA AMBOHIMANAR",,,,135,"2330102/0331160349",,,5,70000000,107007111,"45212 11 2005 001959","2005B00191","True","False",
"RAHARISOA SONY AIMA","C00553",,"lot 743 Ouest-Ambohijanahary",,101,"ANTANANARIVO",135,"034 41 377 72",,,5,50000000,,,,"True","False",
"LA HUTTE CANADIENNE","C00554",,"iVATO",,,,135,"020 22 442 65",,,5,0,"103 007 106","512 321 119 941 001 07",,"True","False",
"CHAYA & CIE","C00555","MME RASOAMALALA VOLOLONAMBININA ","ANTANANARIVO",,,,135,341967585,,"chayaetcie@yahoo.fr",5,0,67701813,"55101 11 2010 0 10627","2010B00590","True","False",
"RASOANANAHIRANA PATRICIA DAUPHINE","C00556","MME RASOANANAHIRANA P",,,,,135,,,,5,0,,,,"True","False",
"AKBARALY AHMED (ABBA)","C00557","M.AKBARALY AHMED",320552367,,,,135,,,,5,0,,,,"True","False",
"RASHEED SADAKATHULLAH","C00558",,,,,,135,320744052,,,5,0,,,,"True","False",
"RABENATOANDRO CASIMIR","C00559","M.JEAN MARC RAZAKAZAFY",,,,,135,340555500,,,5,0,,,,"True","False",
"CROUSTI PAIN","C00560","M.ANDRIANJAKA HAJA","SILO ROUTE DIGUE",,,,135,2200796,,"info@croustipain.mg",5,0,69381813,"15711 11 2010 010799",,"True","False",
"RANAIVOSON HANJARISOA","C00561","RANAIVOSON HANJARISOA","LOT AVB 144 AVARABOHITRA ITAOSY","ANTANANARIVO",,,135,"0337127599/0331402749",,,5,0,,,,"True","False",
"LOGISTIQUE PETROLIERE SA","C00562","M.RAKOTOMALALA JEAN LOUIS","EXPLORER BUSINEES PARK ","EX VILLAGE DES JEUX ANKORONDRANO",,,135,,,,5,0,105006224,"63121/11/1999/0/10057",,"True","False",
"TITAN SARL ","C00563","RAKOTOMANGA RAZAFIMAHEFA",,,,,135,331503737,,,5,0,9378368,"00010 00002 1310061 1001 39",,"True","False",
"ROYAL SPIRITS & CIE","C00564","MR RAKOTONDRATSIMA","LOT IVG 169 A RUE REVEREND PERE CAL","BEHORIRIKA",,,135,324092076,,,5,0,4000009294,"51233 11 1975 10003","0174393 DGI /B 2010","True","False",
"COMPUTER MARKET","C00565","M.AZIZ HASSANALY",,,,,135,320762454,,,5,0,,,,"True","False",
"GODIN ALAIN","C00566",,"HAUTE VILLE ANTSOHIHY",,,,135,320271819,,,5,0,,,,"True","False",
"MADA MOBIL SA","C00567","M. RAZAFINDRAVOAVY ANTHONIO","3E ETAGE IMMEUBLE ARO AMPEFILOHA",,,,135,2631887,,,5,0,44681813,67109112008010700,,"True","False",
"AUTO MOTO","C00568",,"BP120 RUE DU MARCHE TULEAR",,,,135,9444052,,,5,30000000,,,,"True","False",
"BADOURALY MEHMOUDHOUSSEN","C00569",,"25 CITE FIRAISANA BP 1481 TANA",,,,135,320705070,,,5,0,,,,"True","False",
"ECOMA","C00570","MOHANLAL GUIRICH","6 RUE JEAN JAURES AMBATOMENA ","ANTANANARIVO",,,135,320700265,,,5,0,107013953,"51366 11 2005 0 10243",,"True","False",
"STE VIMA SERV'","C00571","KOUREICH Fidahoussen","Immeuble Digital Ivandry",,101,"Antananarivo",135,"032 11 737 89",,,5,0,"40 341 813","51215 11 2008 0 10272","0083 499 du 23/06/10","True","False",
"BUREAU DES ILES","C00572","M.HOUSSEN ROSEMINE","LOT IM47 BA ANALAMAHITSY",,,,135,,,,5,0,1000005012,74310112003010200,"0003461DGIA DU 10/06/10","True","False",
"SOREDIM","C00573",,"LALANA RAVONINAHITRINIARIVO","ANKORODRANO ANTANANARIVO",,,135,2223927,,,5,0,1000000411,"52463 11 19830 10003",,"True","False",
"SOCIETE TAF","C00574",,"LALANA RANONINAHITRIARIVO","ANKORONDRANO",,,135,2221542,,,5,0,,"15831 111969 0 10007",,"True","False",
"ADONIS MEDICAL WASTE","C00575",,"CHATEAU DE L'AMITIE BVD DE L'EUROPE","ANDAVAMAMBA",,,135,2465890,,,5,0,62051813,"37002 11 2010 0 10099",,"True","False",
"RAZAFIMANANTSOA HARILALAO","C00576",,"LOT D34/3601 AMPASAMBAZAHA ","FIANARANTSOA",,,135,340437883,,,5,5000000,,,,"True","False",
"STE KALFANE FILS","C00577","Kalfane Chahim","Rue Richelieu","AMPASIKA BP 171/174",,"MAHAJANGA",135,"032 07 060 50",,,5,0,105009752,"51216 41 1955 0 00002","393 / 2002 B 000 17","True","False",
"NATACHA","C00578",,,,,,135,,,,5,50000000,,,,"True","False",
"STE OCEAN TRADE Company","C00579",,,,,,135,"23 303 03",,,5,0,"2 00000 4 050","51216 11 1984 01 001","0174 245 DGI/B du 12/07/2010","True","False",
"ENTREPRISE RAZAKARISOA","C00580",,,,,,135,"24 117 46",,,5,0,4000021996,"45212 11 2005 0 02636","2001A 00492","True","False",
"BRASSERIE START","C00581",,"Andraharo",,101,"ANTANANARIVO",135,"23 688 28",,,5,0,2000023089,"15318 11 1851010008","0174177 / DGI/B du 28/06/2010","True","False",
"SITA","C00582",,"Zone Lona Parcelle B8","Tanjombato",101,"Antananarivo",135,,,,5,0,"4 0000 59 449","51443 11 2006 010660",,"True","False",
"BOTOTSARA LINDA SYLVIANNE","C00583",,,,,,135,,,,5,0,,,,"True","False",
"QUINCAILLERIE TSIMANAVAKA","C00584",,"LOT D30 3601 AMPASAMBAZAHA ","FIANARANTSOA",,,135,,,,5,0,74059301,"21 2007 0 00345",,"True","False",
"MAEXI TRADING","C00585","M.CADILLAC ALAIN",,,,,135,,,,5,0,30000005552,"51452 11 2003010011",58633,"True","False",
"COLLEGE ST FRANCOIS D'ASSISE  TSIAD","C00586","SOEUR KIM KI RHE","BP6049 AMBANIDIA",,,,135,324430706,,,5,0,,,,"True","False",
"ZARA TOURS","C00587","ANJARY SALHBAY SABIR","5 RUE VICTOR HUGO AMPASIKA MAJUNGA",,,,135,320513377,,,5,0,,,,"True","False",
"MAISON TAIBALY","C00588",,"TANA 2000 ANKORONDRANO",,,,135,2236466,,,5,0,3000127458,51366111996001500,,"True","False",
"ECE RAHARINOSY MAMINDRAIBE","C00589",,"Lot C 47 Ter Andafiavaratra",,101,"ANTANANARIVO",135,"034 09 641 72",,,5,0,105015720,"45221 11 1986 0 00238","0058607/DGI/B","True","False",
"TOTAL TAXI BROUSSE","C00590",,"AMBODIVONA ANTANANARIVO",,,,135,"2259055/0340224342",,,5,0,4000066096,50500112008000300,,"True","False",
"ANDRIAMBAOVONJISOA MAMY","C00591",,,,,,135,340743424,,,5,0,,,,"True","False",
"PARAPHARMA SARL","C00592",,"LOT 283C MANDROSOA IVATO",,,,135,2475230,,,5,0,6000089962,"74355 11 2000 0 10113","0005163 DGI A DU 10/08/10","True","False",
"COGEF SARLU","C00593","MULANI NAUSHAD","LOT IG 32 BIS AMBALAVAO",,,,135,320578654,,,5,0,3000016274,"51366 11 2008 0 10295",,"True","False",
"RASOAMAMPIONONA TACIA ELEONORE","C00594",,"C/O SOCORAFI AMBINANITELO ",,,"VANGAINDRANO",135,341256242,,,5,0,,,,"True","False",
"SHAYNA SARLU","C00595","M.MULANI NAUSHAD","ENCEINTE FRANCE PUB TANJOMBATO",,,,135,320578654,,,5,0,67891813,"51366 11 2010 0 10642",,"True","False",
"AIM","C00596",,,,,,135,,,,5,0,,,,"True","False",
"KARSANDAS NOURDINE BOGUY","C00597",,"DIEGO",,,,135,,,,5,0,,,,"True","False",
"QUINCAILLERIE MORA VIDY","C00598","M.NOURBAY JOHAR","DIEGO",,,,135,,,,5,0,,,,"True","False",
"SHABIRY","C00599",,"DECOR AUTO BP206 HELLVILLE NOSYBE",,,,135,,,,5,0,,,,"True","False",
"KERIO JEAN PIERRE","C00600",,"ANGLE FAID'HERBE DIEGO",,,,135,,,,5,0,,,,"True","False",
"LEOVILLE FRANCAIS","C00601","NOURBAY JOHAR",,,,,135,,,,5,0,,,,"True","False",
"CENT POUR CENT","C00602","Didier Fontaine","Imerinafovoany",,101,"TANA",135,"22 444 24",,,5,0,"10000 93 008",51608111995010100,"0007407 DGI-A","True","False",
"JAFRI TRANSIT","C00603","Ravo Jacquis","10 RUE DU COMMERCE ",,"TAMATAVE",,135,"53 339 29",,,5,0,5000089091,63322312003000100,"2003B00078","True","False",
"STID","C00604","M.NOURBAY JOHAR",,,,,135,32076448,,,5,0,,,,"True","False",
"RANDRIANANJA CLEMENT CHARLES","C00605",,"6RUE DE LA SOURCE BAZARY KELY",,,,135,,,,5,0,,,,"True","False",
"NATHOU SERAZ HOUSSEN FIDAHOUSSEN","C00606",,"MORONDAVA",,,,135,321103598,,,5,0,,,,"True","False",
"Premiere Agence de MicroFinance","C00607","Randrianirina Mamy","1 Lalana Solombavambahoaka Frantsay",,101,"Tan…",135,"22 265 04",,"mamy@pamf.mg",5,0,5000088831,10156,"2006D00277","True","False",
"ENAC","C00608",,"ANTANIVONI BAIBAHOLA IVATO",,,,135,320548556,,,5,0,3000008366,"60301 11 1987 0 00011","0058969 DGI-B 31/05/10","True","False",
"HOUSSEN LYDIA CAROLINE","C00609",,"DIEGO",,,,135,,,,5,0,,,,"True","False",
"ASSOCIATION COEUR ET CONSCIENCE","C00610",,"DIEGO",,,,135,,,,5,0,,,,"True","False",
"CHARLOTTE","C00611",,"DIEGO",,,,135,,,,5,0,,,,"True","False",
"COULEUR MODERBE","C00612",,,,101,"Antananarivo",135,"020 22 645 77",,,5,0,"6000 1997 86","522 63112007002242","0080079/DGI/01/04/10","True","False",
"ZHONG CHEN","C00613",,,,,,135,"0331111118/0320714306",,,5,0,,,,"True","False",
"KARIM GALIB","C00614",,,,,,135,"32 07 234 33",,,5,0,,,,"True","False",
"TRANSPORTEUR CUA","C00615","SAMMUEL","LOT EANS3 ANTSOFINONDRY",,,,135,340107399,,,5,0,1301520,60301111995000600,"2004/A00347","True","False",
"FREIGHTLINE MADAGASCAR","C00616","Rivo Rajoelisolo","Logt III, Cit‚ No3 ","Manakambahiny",101,"Antananarivo",135,,,,5,0,4000064932,"63323 11 2007 010939","128513-DGI/B","True","False",
"STE BSMCC","C00617",,"Lot 09 Villa ABERE","Plle 14/12 Analamboanio",501,"Tamatave",135,"033 11 364 52",,,5,0,20000024334,"45212 31 2001 0 00039","2001B00030","True","False",
"CHEZ LORENZO","C00618",,"Lot II N 35 N","Androhibe",101,"Antananarivo",135,"22 427 76","22 421 76","hmoretti@moov.mg",5,0,"10000 31327 / 813813","55211 11 2005010212","2005B00345","True","False",
"HAKIMOUDINE SAGUIR","C00619",,,"FORT DAUPHIN",,,135,,,,5,0,,,,"True","False",
"SIMAMINDRA MARIE GILBERTE","C00620",,,,,,135,320790113,,,5,0,,,,"True","False",
"MADAPHAR","C00621",,,,,,135,,,,5,0,2000060422,51329112004000400,,"True","False",
"SOCIETE ROGER AH TOY &Cie","C00622",,"IHARANA FITATERANA VOHEMAR",,,,135,320513147,,,5,0,300014076,60301721977000000,"000918DGI-A DU 16/03/11","True","False",
"Groupe SYNERGY Communication","C00623",,,,101,"Tan…",135,"032 07 143 06",,,5,0,4058655,"74310-11-1994-1-00192","98A288","True","False",
"SERALY FERID","C00624",,,,,,135,,,,5,0,,60301122011000100,"0012815/DGI A DU 01/02/2011","True","False",
"FOMBA EVA GEORGETTE","C00625",,"LOT II J 109 TER IVANDRY AMBODIVONA",,,,135,320250987,,,5,0,,,,"True","False",
"HAMJALY HOUZEFA","C00626",,"MAROANTSETRA",,,,135,325070267,,,5,0,,,,"True","False",
"STE K2","C00627","Mr KALFAN","Tsaralalana ",,,,135,,,,5,0,5000027973,51367112010002300,,"True","False",
"IMOKARTEL","C00628",,"Antsenakely","Rue Jean Ralaimongo",110,"ANTSIRABE",135,,,,5,0,5000037872,,"2008B00023","True","False",
"COMPTOIR TAHERI","C00629",,,,,"DIEGO",135,,,,5,0,,,,"True","False",
"ETID OR SARL","C00630",,,,,,135,"22 557 09",,,5,0,2000100362,51315112008010400,,"True","False",
"SODITEC","C00631","M.FIDAHOUSSENE HIRDJEE","BP844 ANTANANARIVO",,,,135,,,,5,0,3000081365,51336112007010800,,"True","False",
"FATEALY ZOULFICAR","C00632",,"RUE JUSTIN BEZARA DIEGO",,,,135,320583772,,,5,0,,,,"True","False",
"ENTREPRISE ERLINE","C00633",,"LOT II A 119SK NANISANA","ANTANANARIVO",,,135,,,,5,0,,,,"True","False",
"SOCIETE ECHAF","C00634",,"ANDRONGA TAMATAVE",,,,135,340212310,,,5,0,100033139,45212312010000500,,"True","False",
"DUBREUIL HARIMALALA DINA ZOELISOA","C00635",,"LOT 03 703 D TSARAFARA ANTANANARIVO",,,,135,320413009,,,5,0,,,,"True","False",
"MAYOTTE PLASTIQUE ","C00636",,"ZI KAWENI MAMOUDZOU","MAYOTTE",,,135,"0269610310/",,,5,0,,,,"True","False",
"RAHARISON ANDRIANASOLO","C00637",,"LOT 140 B AMBOHIMANGAKELY","ANTANANARIVO",,,135,330276177,,,5,0,,,,"True","False",
"SOAFIA BOULANGERIE","C00638",,"BP1022 FIANARANTSOA",,,,135,340256573,,,5,62000000,,,,"True","False",
"RANDJITSHI JAVERTSHAN","C00639",,,,,,135,320720977,,,5,20000000,,,,"True","False",
"SOCIETE TOKY NAVAL POLYESTER","C00640","MME DINA","AMBANORO NOSY BE",,,,135,320592803,,,5,37000000,5000134893,35113712007000300,,"True","False",
"ASSIK AMIRALY","C00641",,"PRES LOT II M 32 MAHAVOKY","ANTANANARIVO",,,135,2227171,,,5,0,,,,"True","False",
"NISSAM MOHAMAD","C00642",,"LOT SIBD 8 BIS","TSARALALANA",,,135,2227171,,,5,0,,,,"True","False",
"HOUZEFA SHABIR","C00643",,"61 RUE DE LIEGE TSARALALANA",,,,135,320759982,,,5,27000000,,,,"True","False",
"POLYGONE IT SERVICE","C00644",,,,,,135,342010786,,,5,20000000,14787372,60222112011002000,,"True","False",
"ENTREPRISE MATRACE","C00645",,"LOT IHC ANDOHATANJONA ITAOSY",,,,135,332096675,,,5,0,5304813,453121120090101,,"True","False",
"FIBASOM","C00646",,"17 AVENUE DE LA REPUBLIQUE",,,,135,"6222927/0320714678",,,5,0,4000087635,51436411972000000,"0038924/DGI-A","True","False",
"YAKOUBALY HASSANALY","C00647","M.NOURBAY JOHAR","AMBANJA DIEGO",,,,135,340762148,,,5,0,,,,"True","False",
"LECOFRUIT","C00648",,"24 rue Radama I","BP 207",101,"Antananarivo",135,"22 464 25",,,5,0,"10000 13124/14/01/11","51216 11 19891 10019","2002 B 00132","True","False",
"FRANCISCAINES MISSIONNAIRES","C00649",,"Fransciscaines Missionnaires ",,101,"Antananarivo",135,"24 762 42",,,5,0,,,,"True","False",
"BURONET","C00650",,"14 RUE TSARALALANA ANTANANARIVO",,,,135,,,,5,0,51366112007010200,4000216854,,"True","False",
"FIDAHOUSSENE","C00651",,,,,,135,,,,5,0,,,,"True","False",
"SEFOUDINE ADAMALY ","C00652",,"2 RUE KACHERA",,,,135,,,,5,50000000,,,,"True","False",
"Direction Gen‚rale du Tr‚sor","C00653",,"Bureau d'Appui","Cellule Communication",101,"Antananarivo",135,,,,5,0,,,,"True","False",
"HAREL MALLAC","C00654",,"Enceinte Ranohisoa ","Ankorondrano",101,"Antananarivo",135,"22 543 21",,"ludovic@hmmadagascar.com",5,0,3000042642,52463112000010000,"2000B00711","True","False",
"NOURALY DILSADE BAKO","C00655",,,,,,135,,,,5,0,,,,"True","False",
"PAGES CLAUDE","C00656",,"LOT 100 MA BIS VILLA LES CYPRES","MANDROSOA IVATO",,,135,,,,5,0,,,,"True","False",
"AFJAR MOUSTAFA","C00657","Idriss Djo","Antsohihy",,,,135,"032 05 385 25",,,5,5000000,3000547314,52251112011005200,"00855403 du 11/08/2011","True","False",
"MADA MEUBLE","C00658",,,,,,135,,,,5,0,,,,"True","False",
"MADAME ISABELLE","C00659",,"ESPACE MAHEFA","A",,,135,340762148,,,5,0,,,,"True","False",
"RAMAROSON MAHEFARISON NIRINA","C00660","M.DOSADJEE FIROZE",,,,,135,,,,5,0,,,,"True","False",
"AGRIFARM","C00661",,"LOT 01A AMBOHIBAO",,,,135,,,,5,0,,,,"True","False",
"AGRIVAL","C00662",,"LOT 01 A AMBOHIBAO",,,,135,,,,5,0,,,,"True","False",
"JAO THIERRY JUDICAEL","C00663",,,,,,135,320492324,,,5,50000000,,,,"True","False",
"MAMODALY TAHARALY","C00664",,"TANAMBAO TSENA DIEGO",,,,135,,,,5,0,,,,"True","False",
"JAOVELO JEAN PIERRE","C00665",,"LOT 350016 PK3 SOAFENO DIEGO",,,,135,,,,5,0,,,,"True","False",
"IB2C","C00666",,"Ihosy",,,,135,"034 05 146 44",,,5,0,,"24 2001 0019","0186584/DBI/A1","True","False",
"MAMODALY TAHARALY","C00667",,"Tanambao Tsena","DIEGO",,,135,,,,5,60000000,,,,"True","False",
"JAOVELO Jean Pierre","C00668",,"Lot 3 500 16 PK3","Soafeno DIEGO",,,135,,,,5,0,,,,"True","False",
"SOCIETE NY ANDO SARL","C00669","M.Mohammad","20 rue Dr Ranaivo Tsaralalana",,101,"Antananarivo",135,"033 11 980 60",,,5,50000000,"1000 1 20146","51366 11 2008 0 11016","2008 B 00997","True","False",
"FUNHECE - Funds Health Center","C00670","Rasolondraibe Maminiaina","Immeuble Santa Antanimena","Lot II 3Šme ‚tage",101,"Antananarivo",135,,,,5,0,"4000 555 262","85114 11 2005 002642",,"True","False",
"MICROCRED AMBODIVONA","C00671","Tahiana Ramanitrarivo","Lot IVI 16GK Ambodivona",,101,"Antananarivo",135,,,,5,0,"3 000 000 785","6521 19 11 2006 010551","2006b00665","True","False",
"ENTREPRISE SOAMA","C00672","MME TANTELY",,,,,135,341657469,,,5,0,,,,"True","False",
"NET A SEC","C00673",,"Ambohibao Antehiroka",,101,"Antananarivo",135,"032 03 713 37",,"netasec@blueline.mg",5,0,"30000 27905","93011 11 2005 0 10036","0003312/DGI-A","True","False",
"MENABE FOAM","C00674","M.Daya","BP141 Andakabe",,,"Morondava",135,"032 05 477 07",,,5,50000000,2000212600,"37002 544 1995 0 00001","MVA2008B04","True","False",
"RASAMBSON EL JEDIDIA","C00675",,,,101,"Antananarivo",135,"034 16 574 69",,,5,0,,,,"True","False",
"BOTRALAHY NOELINE","C00676",,"Antanankora","Mananara Nord",,,135,,,,5,0,,,,"True","False",
"xxxxxxxxxxxxxxxxxxxxxxx","C00977",,,,108,"Antsirabe",135,"032 02 638 90",,,5,0,,,,"True","False",
"LA PEPINIERE D_AMBATOLAHy","C00677",,"0706 B Ambatolahy","Ouest Ambohimanga",108,"Antsirabe",135,"032 02 638 90",,,5,0,3000405915,"01223 12 2009 0 00373","2009 B 00017","True","False",
"E .G.C RATOEJANAHARY GROUPE ARCADE","C00678",,"Lot II J 181 D10 Ivandry",,101,"Antananarivo",135,"034 02 412 24 ",,,5,0,"40 000 88637","4520111 2002 002281",,"True","False",
"PERLE TRADE CO","C00679",,"Lot II J 181 B Ivandry",,101,"Antananarivo",135,"22 424 81",,,5,0,4000049633,"51218 11 1996 0 10057","2003 B 00642","True","False",
"SECUREX","C00680",,,,,,135,,,,5,0,107011765,"52251112006010510  ","0007107DGI-A","True","False",
"RAKOTOMALALA Sitraka","C00681",,"Lot CM 54","Ampitatafika",102,"Antananarivo",135,"034 64 276 55",,,5,0,,,,"True","False",
"TOTONIAINA Abel","C00682",,,,,"SAMBAVA",135,"034 38 134 83",,,5,0,,,,"True","False",
"OIM","C00683",,"24, rue Radama Ier ",,101,"Antananarivo",135,"020 22 223 73","020 22 280 64",,5,0,"105 005 049",11008,"758694B du 05/10/05","True","False",
"BANOMARIVELO Sylvanese Wilfrieda","C00684",,"Lot 2 182 12 rue Parc Mazout","Tanambao V",201,"Antsiranana",135,"032 41 128 41",,,5,0,,,,"True","False",
"ANDRIANARISON Didier","C00685",,,,,"ANTSIRABE",135,,,,5,0,,,,"True","False",
"AEROMARINE","C00686",,"Immeuble ARO Antsahavola","77 Solombavambahoaka Frantsay ",101,"Antananarivo",135,,,,5,0,3000076322,"71110 11 1989 0 00063","0130183/DGI/B","True","False",
"TAMAPIECE","C00687",,"24 rue Amiral Billard",,,"Tamatave",135,"020 53 229 30",,,5,0,4000014950,"50302 31 1966  0 00001","36313 du 01/08/88","True","False",
"GUILLOU Gilles Paul","C00688",,"Lot III F 14 ter",,101,"Antananarivo",135,"032 04 281 16",,,5,0,,,,"True","False",
"OUKABAY SHELLY (Mlle)","C00689",,"39, avenue de l'Ind‚pendance","Analakely",101,"Antananarivo",135,"033 11 007 10",,,5,0,,,,"True","False",
"ANDRIANARISON Hajazaka","C00690",,"Lot 61 Ter Manjaka Ilafy",,101,"Antananarivo",135,"033 14 569 22",,,5,0,,,,"True","False",
"RASAMBSON Philemon","C00691",,"Lazaret 52 LD",,201,"Antsiranana",135,"032 02 325 95",,,5,0,,,,"True","False",
"DUBREUIL Jean Fran‡ois","C00692",,"Lot II I 172 BE","Ivandry",101,"Antananarivo",135,"032 04 130 09",,,5,0,,,,"True","False",
"MADISCO","C00693",,"17 rue Karija","Tsaralalana",101,"Antananarivo",135,"020 22 546 20",,,5,0,,,,"True","False",
"Badouraly Azim","C00694",,,,,,135,"034 07 050 69",,"badouraly65@gmail.com",5,0,,,,"True","False",
"PRIMARK","C00695",,"Lot II K 4 Bis","Andravoahangy Ambony",101,"Antananarivo",135,,,,5,0,"72304 11 2011 0 10758","20006 24010","0206 956","True","False",
"AES SECURITY","C00696","M.Christophe","Lot 01 A Ambohibao",,101,"Antananarivo",135,"034 02 224 80",,,5,3000000,"3000 293130","74321 11 2011 0 10418",,"True","False",
"Association INTERCOOPERATION","C00697",,"Lot II L 72","Rue Ampanjaka",101,"Antananarivo",135,"020 22 611 98",,,5,0,"11 88 3149","73201 11 2005 0 00123",,"True","False",
"KWIECIEN Jean Vincent","C00698",,"Hotel Eden Rock","Morondava",,,135,324095945,,,5,0,,,,"True","False",
"BOGUY Manesh","C00699",,"66, Rue Colbert",,,"DIEGO",135,"032 40 587 85",,,5,0,,,,"True","False",
"ECAR OEUVRES SOCIALES ST JOSEPH","C00700",,"Tsarasaotra",,,,135,"020 44 487 48",,,5,0,,,,"True","False",
"Pharmacie METROPOLE","C00701","Njato","7 rue Ratsimilaho ","Antaninarenina",101,"Antananarivo",135,"020 22 213 60",,,5,0,1000010514,"52221 11 1951 0 10010","0174983 DGI-B du 24/06/11","True","False",
"LE CHAT'O","C00702",,"Ivato",,105,"Antananarivo",135,,,,5,0,4000587066,92425112011010700,"0206451/DGI/B","True","False",
"Mme LO MIO SIME FigŠle        ","C00703",,"Lot IVZ 139 B ","Andohatapenaka",101,"Antananarivo",135,320760517,,,5,0,,,,"True","False",
"Orange TM","C00704","Hugues Rabemananjara","Immeuble Galaxy","Rue Docteur Joseph Raseta Andraharo",101,"Antananarivo",135,"032 34 567 89",,"hugues.rabemananjara@orange.com",5,0,2000002340,"64212 11 1997 0 10016","OO58605/DGI/B du 12/04/2010","True","False",
"OIM","C00705",,"24 RUE RADAMA 1ER BP 207",,,,135,"22 223 73/0320786590",2233142,"rado.achats@basan.mg",5,0,"1 000 001","51367 11 1952 0 10003","6376/2001B00508","True","False",
"CANAL+ Magadascar","C00706","Zo Rajohnson",,,,,135,"020 22 394 73",,,5,0,"30 000 655 23","92122 11 2010 0 10651","2010 B 00621","True","False",
"RENUCCI Philippe","C00707",,,,,"Toliara",135,"034 05 440 52",,,5,50000000,,,,"True","False",
"EMJE MADAGASCAR SARL","C00708",,,,,,135,334155555,,,5,0,,,,"True","False",
"MSC MADAGASCAR SERVICE COMPANY SARL","C00709","Mme Vanesca","LOT MI 105 ANOSIAVARATRA ","SABOTSY NAMEHANA",,"Antananarivo Avaradrano",135,"034 15 810 01",,,5,0,,,,"True","False",
"Pharmacie d'Avaradrano","C00710",,"Lot II N 87 bis Analamahitsy","BP 3047",101,"Antananarivo",135,"020 22 423 65",,"ph.avaradrano@moov.mg",5,0,,,,"True","False",
"MOUROU Malde Kara        ","C00711",,"BP 38","Mahajanga",,,135,341508067,,,5,0,,,,"True","False",
"TSG","C00712",,"IDC",,101,"Antananarivo",135,,,,5,0,,,,"True","False",
"FOCUS MADAGASCAR","C00713","M.Harinaivo","Groupe SIPROMAD",,101,"Antananarivo",135,"032 05 395 28",,,5,0,1000025014,"160001 11 1996 010056","0152861/DGI/B du 05/12/2011","True","False",
"LINE MARITIME INTERNATIONALE","C00714","M.Karim","Zone Forello Tanjombato",,101,"Antananarivo",135,"034 07 255 75",,,5,0,3000307420,"74351 11 2011 0 10321","2011B00311","True","False",
"Mr MANSOUR","C00715",,,,,,,,,,5,0,,,,"True","False",
"CENI","F00001",,,,,,,,,,5,0,,,,"False","True",
"ABC Construction","F00002",,,,,,,,,,5,0,"105006299,0000",,,"False","True",
"STTE","F00003",,,,,,,,,,5,0,,,,"False","True",
"PROGECOM","F00004",,,,,,,,,,5,0,,,,"False","True",
"SMTT","F00005",,,,,,,,,,5,0,,,,"False","True",
"SEAL ","F00006",,,,,,,,,,5,0,,,,"False","True",
"VELO HENRI","F00007",,,,,,,,,,5,0,,,,"False","True",
"DISCOI","F00008",,,,,,,,,,5,0,,,,"False","True",
"JJK TRANSPORT","F00009",,,,,,,,,,5,0,,,,"False","True",
"CEMM","F00010",,,,,,,,,,5,0,,,,"False","True",
"TNT","F00011",,,,,,,,,,5,0,,,,"False","True",
"Comptoir Fidahoussen","F00012",,"85, rue de LiŠge Tsaralalana","BP 409",,,,"22 231 43","22 276 97",,5,0,"22517,0000",,,"False","True",
"Centre TAZ","F00013",,,,,,,,,,5,0,,,,"False","True",
"IMPRIMERIE FARCO","F00014",,,,,,,,,,5,0,,,,"False","True",
"BINOU CONFECTION","F00015",,,,,,,,,,5,0,,,,"False","True",
"CHAN MENG SEBASTIEN","F00016",,,,,,,,,,5,0,,,,"False","True",
"DHL","F00017",,,,,,,,,,5,0,,,,"False","True",
"OFFICE TRADING","F00018",,,,,,,,,,5,0,"12741437,0000",,,"False","True",
"ORANGE MADAGASCAR","F00019",,,,,,,,,,5,0,,,,"False","True",
"MAERSK SAFMARINE","F00020",,,,,,,,,,5,0,,,,"False","True",
"BURMAS","F00021",,"Enceinte COROI Soanierana",,,,,"22 66638",,,5,0,"15661813,0000",,,"False","True",
"PRINT EXPRESS","F00022",,,,,,,,,,5,0,,,,"False","True",
"TRANOMBAROTRA RMB","F00023",,,,,,,,,,5,0,,,,"False","True",
"HYPERDIST","F00024",,,,,,,,,,5,0,,,,"False","True",
"SIMICRO","F00025",,,,,,,,,,5,0,,,,"False","True",
"ETABLISSEMENT IT BUROTEC","F00026",,,,,,,,,,5,0,,,,"False","True",
"DECODIF","F00027",,,,,,,,,,5,0,,,,"False","True",
"TIP TOP TRAVEL","F00028",,,,,,,,,,5,0,,,,"False","True",
"SOCIMAD","F00029",,,,,,,,,,5,0,,,,"False","True",
"MIDI MADAGASCAR","F00030",,,,,,,,,,5,0,,,,"False","True",
"SMTP","F00031",,,,,,,,,,5,0,,,,"False","True",
"COLINA","F00032",,,,,,,,,,5,0,,,,"False","True",
"ARO ASSURANCE","F00033",,,,,,,,,,5,0,,,,"False","True",
"ALIBAY MOURTAZA","F00034",,"17 rue Ingereza TSARALALANA",,,,,,,,5,0,,,,"False","True",
"MANAMBINA CONFECTION","F00035",,,,,,,,,,5,0,,,,"False","True",
"Etablissement BCI","F00036",,,,,,,,,,5,0,,,,"False","True",
"NYR IMAGE","F00037",,,,,,,,,,5,0,,,,"False","True",
"TELMA","F00038",,,,,,,,,,5,0,,,,"False","True",
"CYBERTEC","F00039",,,,,,,,,,5,0,,,,"False","True",
"FRANCE PUB","F00040",,,,,,,,,,5,0,,,,"False","True",
"LE QUOTIDIEN","F00041",,,,,,,,,,5,0,,,,"False","True",
"Madagascar Press Edition","F00042",,,,,,,,,,5,0,,,,"False","True",
"MMC INFORMATIQUE","F00043",,,,,,,,,,5,0,,,,"False","True",
"TED","F00044",,,,,,,,,,5,0,,,,"False","True",
"MICROMAD EURL","F00045",,,,,,,,,,5,0,,,,"False","True",
"ULTIMA MEDIA","F00046",,,,,,,,,,5,0,,,,"False","True",
"SANIFER SARL","F00047",,,,,,,,,,5,0,,,,"False","True",
"MOOV DTS","F00048",,,,,,,,,,5,0,,,,"False","True",
"FUTURIA EURL","F00049",,,,,,,,,,5,0,,,,"False","True",
"PHOREST","F00050",,,,,,,,,,5,0,,,,"False","True",
"SODIM","F00051",,,,,,,,,,5,0,,,,"False","True",
"BSM","F00052",,,,,,,,,,5,0,,,,"False","True",
"R.H.S","F00053",,,,,,,"22 65524",,,5,0,,,,"False","True",
"TRANSPORT NOMENA","F00054",,,,,,,,,,5,0,,,,"False","True",
"DAOUD","F00055",,,,,,,,,,5,0,,,,"False","True",
"MAC SIOU TSONG FABRICE","F00056",,,,,,,,,,5,0,,,,"False","True",
"ENDUMA","F00057",,,,,,,,,,5,0,,,,"False","True",
"DESIGN AUTO","F00058",,,,,,,,,,5,0,"105002483,0000",,,"False","True",
"EUROPAINTS","F00059",,,,,,,,,,5,0,,,,"False","True",
"MICROMANIA","F00060",,,,,,,,,,5,0,,,,"False","True",
"LOCATRANS SARL","F00061",,,,,,,,,,5,0,,,,"False","True",
"TOTAL MADAGASCAR","F00062",,,,,,,,,,5,0,,,,"False","True",
"M PUB","F00063",,,,,,,,,,5,0,,,,"False","True",
"QUINCAILLERIE 2000","F00073",,,,,,,,,,5,0,,,,"False","True",
"STI","F00076",,"Villa Janat Barikadimy Tamatave",,,,,,,,5,0,"1095641,0000",,,"False","True",
"AREPLAST","F00077",,"BP12081 ANTANANARIVO",,,,,"22 44270",,,5,0,,,,"False","True",
"ALTECH","F00083",,,,,,,,,,5,0,,,,"False","True",
"NAZA","F00084",,,,,,,,,,5,0,,,,"False","True",
"BRICOLAGE","F00085",,"BP12028 POSTE ZOOM ENCEINTE BONNET",,,,,,,,5,0,"105006363,0000",,,"False","True",
"BOB IMPRIMERIE","F00087",,,,,,,,,,5,0,,,,"False","True",
"VDG","F00088",,,,,,,,,,5,0,,,,"False","True",
"COPY TECH","F00089",,,,,,,,,,5,0,,,,"False","True",
"DISCODIN","F0086",,,,,,,,,,5,0,,,,"False","True",
"ETAT","Z00001",,,,,,,,,,5,0,,,,"False","True",
"IDF","F0087",,,,,,,,,,5,0,,,,"False","True",
"SDV MADAGASCAR","F0088",,,,,,,,,,5,0,,,,"False","True",
"SOTRAEX","F0089",,"LOT VC AMBOHIDAHY AMPARIBE",,,,,,,,5,0,,,,"False","True",
"AIDE INTERIM","F00090",,,,,,,,,,5,0,,,,"False","True",
"A.S MICRO","F00091",,"Imm Supreme Center 2Šme ‚tage  ",,,,,,,,5,0,,,,"False","True",
"JAC","F9999",,,,,,,,,,5,0,,,,"False","True",
"GALANA","F00092",,,,,,,,,,5,0,,,,"False","True",
"CENTRE POIDS LOURD CPL","F0090",,,,,,,,,,5,0,,,,"False","True",
"MIRAH","F00093",,"RESIDENCE LES ROSIERS LOT IBF 5BIS ","ANTSAHAVOLA ",,,,"0320752009/0331552009",,,5,0,55821813,"51342 11 2009 010432",,"False","True",
"EXPRESS DE MADAGASCAR","F00094",,"ANKORONDRANO",,,,,2221934,,,5,0,105008896,22114119,,"False","True",
"AUTOGI","F00095",,,,,,,,,,5,0,,,,"False","True",
"LAPTOP","F00096",,,,,,,,,,5,0,,,,"False","True",
"CHONGQING YUAN GROUP","F00097",,,,,,,,,,5,0,,,,"False","True",
"MADAGASCAR EXPRESS","F00098",,,,,,,,,,5,0,,,,"False","True",
"AUTO PIECES CHAMSUL","F00099",,,,,,,,,,5,0,,,,"False","True",
"MAGAZINE AUTO MOTO","F00100",,,,,,,,,,5,0,,,,"False","True",
"PRIM'OFFICE","F00101",,,,,,,,,,5,0,,,,"False","True",
"A Inserer ","F00102",,,,,,,,,,5,0,,,,"False","True",
"AIR MAD","F00103",,,,,,,,,,5,0,,,,"False","True",
"TRANSPORT RAKOTOARISAINA EMILE","F00104",,,,,,,,,,5,0,,,,"False","True",
"PREMIERE LIGNE","F00105",,,,,,,,,,5,0,,,,"False","True",
"INJET","F00106",,,,,,,,,,5,0,,,,"False","True",
"M1COM","F00107",,"Alarobia ANTANANARIVO",,,,,,,,5,0,,,,"False","True",
"TRANSPORTEUR FREIGHT LINE","F00108",,"ANTANANARIVO",,,,,,,,5,0,,,,"False","True",
"ROCHE ROUGES","F00109",,,,,,,,,,5,0,,,,"False","True",
"TRANSPORT MANIRY","F00110",,,,,,,,,,5,0,,,,"False","True",
"SBC BALLOU & CIE","F00111",,,,,,,,,,5,0,,,,"False","True",
"MAISON MOLOU","F00112",,,,,,,,,,5,0,,,,"False","True",
"SANDRIFY","F00113",,,,,,,,,,5,0,,,,"False","True",
"ROGERS IDS VELOGIC","F00114",,,,,,,,,,5,0,,,,"False","True",
"ULTIMATE SERVICE","F00115",,,,,,,,,,5,0,,,,"False","True",
"MMP BTP","F00116",,,,,,,,,,5,0,,,,"False","True",
"OMERT","F00117",,,,,,,,,,5,0,,,,"False","True",
"SOGES MADAGASCAR","F00118",,,,,,,,,,5,0,,,,"False","True",
"SERIM","F00119",,,,,,,,,,5,0,,,,"False","True",
"TM IMPORT EXPORT","F00120",,,,,,,,,,5,0,,,,"False","True",
"TAMA PUB","F00121",,,,,,,,,,5,0,,,,"False","True",
"GARAGE LEON","F00122",,,,,,,,,,5,0,,,,"False","True",
"MATERAUTO","F00123",,,,,,,,,,5,0,,,,"False","True",
"DECLIC","F00124",,,,,,,,,,5,0,,,,"False","True",
"TRANSPORTEUR RAKOTO ANDRIANIAINA","F00125",,,,,,,,,,5,0,,,,"False","True",
"ELMINA","F00126",,,,,,,,,,5,0,,,,"False","True",
"HK SERVICES","F00127",,,,,,,,,,5,0,,,,"False","True",
"INTEREX FIDEX","F00128",,,,,,,,,,5,0,,,,"False","True",
"LA GAZETTE","F00129",,,,,,,,,,5,0,,,,"False","True",
"ARIO MADAGASCAR","F00130",,,,,,,,,,5,0,,,,"False","True",
"TSARA MORA","F00131",,,,,,,,,,5,0,,,,"False","True",
"TRANSPORT JACK DAVY","F00132",,,,,,,,,,5,0,,,,"False","True",
"LEDAR INTERNATIONAL","F00133",,"SINGAPOUR",,,,,,,,5,0,,,,"False","True",
"EXTRA GROUPE","FAAAAA",,,,,,,,,,5,0,,,,"False","True",
"INTRA GROUPE","FBBBBB",,,,,,,,,,5,0,,,,"False","True",
"IDC INTERNATIONAL DISTRIBUTION","F00134",,,,,,,,,,5,0,,,,"False","True",
"DISCOMA","F00135",,,,,,,,,,5,0,,,,"False","True",
"DOMA PUB","F00136",,,,,,,,,,5,0,,,,"False","True",
"SEAL TAMATAVE","F00137",,,,,,,,,,5,0,,,,"False","True",
"SET SERVICE ELECTRONIQUE","F00138",,,,,,,,,,5,0,,,,"False","True",
"GAZETIKO","F00139",,,,,,,,,,5,0,,,,"False","True",
"SYMBOL","F00140",,"VC 31 Ambatonakanga",,,"Antananarivo",,"22 567 38","22 332 78","symbol.mg@laposte.net",5,0,,,,"False","True",
"LA VERITE","F00141",,"Antananarivo",,,,,,,,5,0,,,,"False","True",
"ASECNA","F00142",,,,,,,,,,5,0,,,,"False","True",
"MAZARS FIVOARANA","F00143",,,,,,,,,,5,0,,,,"False","True",
"AGRIVET","F00144",,"Lot 01 A - Ambohibao","Antananarivo",,,,,,,5,0,,,,"False","True",
"EVENT SYNERGY Communication","F00145",,,,,,,,,,5,0,,,,"False","True",
"POPAT GENERAL TRADING L.L.C","F00146",,"PO BOX Nø12540 DUBAI U.A.E",,,,,97142354218,,,5,0,,,,"False","True",
"BATISTOCK","F00147",,,,,,,,,,5,0,,,,"False","True",
"SICOM","F00148",,"Antananarivo",,,,,,,,5,0,,,,"False","True",
"IMPRIMERIE MA PRINTY","F00149",,"Antsahabe",,,,,"22 467 80",,,5,0,,,,"False","True",
"L' AGENCE","F00150",,,,,,,,,,5,0,,,,"False","True",
"PIECES AUTOS POIDS LOURDS","F00151",,,,,,,,,,5,0,,,,"False","True",
"MADCOURRIER UPS","F00152",,,,,,,,,,5,0,,,,"False","True",
"GUILMANN","F00153",,"Lot IV 071 A ","Route des Hydrocarbures - ",,,,"22 627 87","22 627 86","steguilmann@gmail.com",5,0,,,,"False","True",
"SADIQ ALI GENERAL TRADING LLC ","F00154",,,,,,,,,,5,0,,,,"False","True",
"GARAGE DE L'OUEST Chu Gine Meng Sim","F00155",,,,,,,,,,5,0,,,,"False","True",
"SIDEROS SARL","F00156",,,,,,,,,,5,0,,,,"False","True",
"RAHELIARIVAO Lala","F00157",,,,,,,,,,5,0,,,,"False","True",
"ARRHP (Associa R‚hab Route Hydro Pr","F00158",,,,,,,,,,5,0,,,,"False","True",
"SOCIETE IMAGE","F00159",,,,,,,,,,5,0,,,,"False","True",
"CABINET D'EXPERTISE ET CONSEIL","F00160",,"TAMATAVE",,,,,,,,5,0,,,,"False","True",
"FUTURE DEVELOPMENT CORPORATION","F00161",,"Lot IVM 38Z Andohatapenaka",,,,,"22 265 20 - 22 618 54",,,5,0,,,,"False","True",
"JR-PRINT","F00162",,,,,,,,,,5,0,,,,"False","True",
"OCEAN TRADE Co","F00163",,"21 Bis Andraharo - Antananarivo",,,,,"23 303 03","23 303 30","oceantra@moov.mg",5,0,,,,"False","True",
"AUTO CENTER ANDABIZY ","F00164",,"BP 120 TULEAAR",,,,,9444052,,,5,0,,272822,,"False","True",
"MA PRINTY","F00165",,,,,,,,,,5,0,,,,"False","True",
"CHU CINE MENG SIMON","F00166",,"LOT 007 A AMBOHIBAO",,,,,331102029,,,5,0,,,,"False","True",
"TRANS FY EXPRESS","F00167",,"ANTANIMENA",,,,,,,,5,0,2000114436,60301312006000800,"0061463/DGI/B","False","True",
"AUTO DIFFUSION","F00168",,"BOROSY TALATAMATY",,,,,2244027,,,5,0,105008488,627434,,"False","True",
"MADAGASCAR DISCOVERY AGENCY","F00401",,,,,,,,,,5,0,,,,"False","True",
"CHONGQING SOKON MOTOR GROUP ","F00169",,,,,,,,,,5,0,,,,"False","True",
"BALADEWA Limited","F00170",,,,,,,,,,5,0,,,,"False","True",
"SECUREX","F00171",,,,,,,,,,5,0,,,,"False","True",
"GARAGE DE L OUEST","F00172",,,,,,,,,,5,0,,,,"False","True",
"ESHAQUI","F00173",,,,,,,,,,5,0,,,,"False","True",
"M/S FORCE MOTORS LIMITED","F00174",,,,,,,,,,5,0,,,,"False","True",
"AIRTEL","F00175",,,,,,,,,,5,0,,,,"False","True",
"BADCHA DISTRIBUTION","F00176",,,,,,,,,,5,0,,,,"False","True",
"SICO","F00177",,,,,,,,,,5,0,,,,"False","True",
"NABA AUTOMOBILE","F00178",,,,,,,,,,5,0,,,,"False","True",
"ESE JAMES","F00402",,,,,,,,,,5,0,,,,"False","True",
"CT MOTORS","F00403",,,,,,,,,,5,0,,,,"False","True",
"BRICO CARRELAGE","F00404",,"Route Digue de l'Ikopa","BP 11093",101,"Antananarivo",,"22 297 47",,,5,0,,,,"False","True",
"NOFY FOAM","F00405",,,,,,,,,,5,0,,,,"False","True",
"ANHUI TECHNOLOGY IMP.&EXP.CO.,LTD","F00406",,,,,,,,,,5,0,,,,"False","True",
"RUBIS","F00407",,,,,,,,,,5,0,,,,"False","True",
"NETERA","F99901",,,,,,,,,,5,0,,,,"False","True",
"POLYGONE SERVICE","F00910",,,,,,,,,,5,0,,,,"False","True",
"RMB","F00408",,,,101,"Antananarivo",,,,,5,0,,,,"False","True",
"RK GLOBALS FZE","F00179",,,,,,,,,,5,0,,,,"False","True",
"ROAD BOOK","F00409",,,,,,,,,,5,0,,,,"False","True",
"SYNERGIE COMMUNICATION","F00410",,,,,,,,,,5,0,,,,"False","True",
"GCAM","F00411",,,,101,"Antananarivo",,,,,5,0,,,,"False","True",
"Madagascar Event","F00412",,,,101,"Antananarivo",,"032 05 028 41",,"ebitmada@gmail.com",5,0,1432986907102010,"72104 11 2008 004948 du 26/09/2008",,"False","True",
"KIPOR","F00413",,,,,,,,,,5,0,,,,"False","True",
"PROXI MARKETING","F00414",,,,,,,,,,5,0,,,,"False","True",
"MYE","F00415",,,,,,,,,,5,0,,,,"False","True",
"SYNDICAT DES INDUSTRIES DE MADAGASC","F00416",,"Lot 1 bis rue Patrice Lumumba","Tsaralalana - BP 1695",101,"Antananarivo",,"020 22 240 07","020 22 225 18","syndusmad@moov.mg",5,0,"3000 1440 85","91202 11 2008 00216",,"False","True",
"Soci‚t‚ VIDIO","F00417",,,,101,"Antananarivo",,,,,5,0,,,,"False","True",
"LES NOUVELLES","F00418",,,,,,,,,,5,0,,,,"False","True",
"SUPERPLAQUE SA","F00419",,,,,,,,,,5,0,,,,"False","True",
"IVO ASA","F00420",,"Lot I B K 44 Ampasamanidika",,101,"Antananarivo",,"020 22 560 72",,,5,0,"12 124 735",,,"False","True",
"APPLE STORE","F00421",,"SUPREME CENTER BOX603 ","BEHORIRIKA",,,,,,,5,0,1000041406,930111120105505,,"False","True",
"MAGASIN GRAND","F00422",,"Lot II E 21 A Ampasapito",,101,"Antananarivo",,"020 22 595 75",,,5,0,"14 291 328","51601 11 2008 0 04784",0,"False","True",
