"user_type","code",".id","id","type","name"
"Vue",0,1,0,"View","ABC"
"Vue","Classes 1 à 5",2,"Classes 1 à 5","View","Comptes de bilan"
"Vue","Classe 1",3,"Classe 1","View","Comptes de capitaux"
"Vue",10,4,10,"View","Capital et réserves"
"Equite",101,5,101,"View","Capital"
"Equite",101100,6,101100,"Others","Capital souscrit - non appelé"
"Equite",101200,7,101200,"Others","Capital souscrit - appelé non versé"
"Equite",1013,8,1013,"View","Capital souscrit - appelé versé"
"Equite",101310,9,101310,"Others","Capital non amorti"
"Equite",101320,10,101320,"Others","Capital amorti"
"Equite",101800,11,101800,"Others","Capital souscrit soumis à des réglementations particulières"
"Equite",104,12,104,"View","Primes liées au capital social"
"Equite",104100,13,104100,"Others","Primes d'émission"
"Equite",104200,14,104200,"Others","Primes de fusion"
"Equite",104300,15,104300,"Others","Primes d'apport"
"Equite",104400,16,104400,"Others","Primes de conversion d'obligations en actions"
"Equite",104500,17,104500,"Others","Bons de souscription d'actions"
"Equite",105,18,105,"View","Écarts de réévaluation"
"Equite",105100,19,105100,"Others","Réserve spéciale de réévaluation"
"Equite",105200,20,105200,"Others","Écart de réévaluation libre"
"Equite",105300,21,105300,"Others","Réserve de réévaluation"
"Equite",105500,22,105500,"Others","Écarts de réévaluation (autres opérations légales)"
"Equite",105700,23,105700,"Others","Autres écarts de réévaluation en France"
"Equite",105800,24,105800,"Others","Autres écarts de réévaluation à l'étranger"
"Equite",106,25,106,"View","Réserves"
"Equite",1061,26,1061,"View","Réserve légale"
"Equite",106110,27,106110,"Others","Réserve légale proprement dite"
"Equite",106120,28,106120,"Others","Plus-values nettes à long terme"
"Equite",106200,29,106200,"Others","Réserves indisponibles"
"Equite",106300,30,106300,"Others","Réserves statutaires ou contractuelles"
"Equite",1064,31,1064,"View","Réserves réglementées"
"Equite",106410,32,106410,"Others","Plus-values nettes à long terme"
"Equite",106430,33,106430,"Others","Réserves consécutives à l'octroi de subventions d'investissement"
"Equite",106480,34,106480,"Others","Autres réserves réglementées"
"Equite",1068,35,1068,"View","Autres réserves"
"Equite",106810,36,106810,"Others","Réserve de propre assureur"
"Equite",106880,37,106880,"Others","Réserves diverses"
"Equite",107000,38,107000,"Others","Écarts d'équivalence"
"Equite",108000,39,108000,"Others","Compte de l'exploitant"
"Actifs",109000,40,109000,"Others","Actionnaires: capital souscrit - non appelé"
"Vue",11,41,11,"View","Report à nouveau (solde créditeur ou débiteur)"
"Equite",110000,42,110000,"Others","Report à nouveau (solde créditeur)"
"Equite",119000,43,119000,"Others","Report à nouveau (solde débiteur)"
"Vue",12,44,12,"View","Résultat de l'exercice (bénéfice ou perte)"
"Equite",120000,45,120000,"Others","Résultat de l'exercice (bénéfice)"
"Equite",129000,46,129000,"Others","Résultat de l'exercice (perte)"
"Vue",13,47,13,"View","Subventions d'investissement"
"Equite",131,48,131,"View","Subventions d'équipement"
"Equite",131100,49,131100,"Others","État"
"Equite",131200,50,131200,"Others","Régions"
"Equite",131300,51,131300,"Others","Départements"
"Equite",131400,52,131400,"Others","Communes"
"Equite",131500,53,131500,"Others","Collectivités publiques"
"Equite",131600,54,131600,"Others","Entreprises publiques"
"Equite",131700,55,131700,"Others","Entreprises et organismes privés"
"Equite",131800,56,131800,"Others","Autres"
"Equite",138000,57,138000,"Others","Autres subventions d'investissement (même ventilation que celle du compte 131)"
"Equite",139,58,139,"View","Subventions d'investissement inscrites au compte de résultat"
"Equite",1391,59,1391,"View","Subventions d'équipement"
"Equite",139110,60,139110,"Others","Etat"
"Equite",139120,61,139120,"Others","Régions"
"Equite",139130,62,139130,"Others","Départements"
"Equite",139140,63,139140,"Others","Communes"
"Equite",139150,64,139150,"Others","Collectivités publiques"
"Equite",139160,65,139160,"Others","Entreprises publiques"
"Equite",139170,66,139170,"Others","Entreprises et organismes privés "
"Equite",139180,67,139180,"Others","Autres"
"Equite",139800,68,139800,"Others","Autres subventions d'investissement (même ventilation que celle du compte 1391)"
"Vue",14,69,14,"View","Provisions réglementées"
"Equite",142,70,142,"View","Provisions réglementées relatives aux immobilisations"
"Equite",142300,71,142300,"Others","Provisions reconstitution des gisements miniers et pétroliers"
"Equite",142400,72,142400,"Others","Provisions pour investissement (participation des salariés)"
"Equite",143,73,143,"View","Provisions réglementées relatives aux stocks"
"Equite",143100,74,143100,"Others","Hausse des prix"
"Equite",143200,75,143200,"Others","Fluctuation des cours"
"Equite",144000,76,144000,"Others","Provisions réglementées relatives aux autres éléments de l'actif"
"Equite",145000,77,145000,"Others","Amortissements dérogatoires"
"Equite",146000,78,146000,"Others","Provision spéciale de réévaluation"
"Equite",147000,79,147000,"Others","Plus-values réinvesties"
"Equite",148000,80,148000,"Others","Autres provisions réglementées"
"Vue",15,81,15,"View","Provisions"
"Provisions",151,82,151,"View","Provisions pour risques"
"Provisions",151100,83,151100,"Others","Provisions pour litiges"
"Provisions",151200,84,151200,"Others","Provisions pour garanties données aux clients"
"Provisions",151300,85,151300,"Others","Provisions pour pertes sur marchés à terme"
"Provisions",151400,86,151400,"Others","Provisions pour amendes et pénalités"
"Provisions",151500,87,151500,"Others","Provisions pour pertes de change"
"Provisions",151600,88,151600,"Others","Provisions pour pertes sur contrats"
"Provisions",151800,89,151800,"Others","Autres provisions pour risques"
"Provisions",153000,90,153000,"Others","Provisions pour pensions et obligations similaires"
"Provisions",154000,91,154000,"Others","Provisions pour restructurations"
"Provisions",155000,92,155000,"Others","Provisions pour impôts"
"Provisions",156000,93,156000,"Others","Provisions pour renouvellement des immobilisations (entreprises concessionnaires)"
"Provisions",157,94,157,"View","Provisions pour charges à répartir sur plusieurs exercices"
"Provisions",157200,95,157200,"Others","Provisions pour gros entretien ou grandes révisions "
"Provisions",158,96,158,"View","Autres provisions pour charges"
"Provisions",158100,97,158100,"Others","Provisions pour remises en état"
"Vue",16,98,16,"View","Emprunts et dettes assimilées"
"Dettes long terme",161000,99,161000,"Others","Emprunts obligataires convertibles"
"Dettes long terme",163000,100,163000,"Others","Autres emprunts obligataires "
"Dettes long terme",164000,101,164000,"Others","Emprunts auprès des établissements de crédit"
"Dettes long terme",165,102,165,"View","Dépôts et cautionnements reçus"
"Dettes long terme",165100,103,165100,"Others","Dépôts"
"Dettes long terme",165500,104,165500,"Others","Cautionnements"
"Dettes long terme",166,105,166,"View","Participation des salariés aux résultats"
"Dettes long terme",166100,106,166100,"Others","Comptes bloqués"
"Dettes long terme",166200,107,166200,"Others","Fonds de participation"
"Dettes long terme",167,108,167,"View","Emprunts et dettes assortis de conditions particulières"
"Dettes long terme",167100,109,167100,"Others","Emissions de titres participatifs"
"Dettes long terme",167400,110,167400,"Others","Avances conditionnées de l'État"
"Dettes long terme",167500,111,167500,"Others","Emprunts participatifs"
"Dettes long terme",168,112,168,"View","Autres emprunts et dettes assimilées"
"Dettes long terme",168100,113,168100,"Others","Autres emprunts"
"Dettes long terme",168500,114,168500,"Others","Rentes viagères capitalisées"
"Dettes long terme",168700,115,168700,"Others","Autres dettes"
"Dettes long terme",1688,116,1688,"View","Intérêts courus"
"Dettes long terme",168810,117,168810,"Others","Sur emprunts obligataires convertibles "
"Dettes long terme",168830,118,168830,"Others","Sur autres emprunts obligataires"
"Dettes long terme",168840,119,168840,"Others","Sur emprunts auprès des établissements de crédit"
"Dettes long terme",168850,120,168850,"Others","Sur dépôts et cautionnements reçus"
"Dettes long terme",168860,121,168860,"Others","Sur participation des salariés aux résultats"
"Dettes long terme",168870,122,168870,"Others","Sur emprunts et dettes assortis de conditions particulières"
"Dettes long terme",168880,123,168880,"Others","Sur autres emprunts et dettes assimilées"
"Dettes long terme",169000,124,169000,"Others","Primes de remboursement des obligations"
"Vue",17,125,17,"View","Dettes rattachées à des participations"
"Dettes long terme",171000,126,171000,"Others","Dettes rattachées à des participations (groupe)"
"Dettes long terme",174000,127,174000,"Others","Dettes rattachées à des participations (hors groupe)"
"Dettes long terme",178,128,178,"View","Dettes rattachées à des sociétés en participation"
"Dettes long terme",178100,129,178100,"Others","Principal"
"Dettes long terme",178800,130,178800,"Others","Intérêts courus"
"Vue",18,131,18,"View","Comptes de liaison des établissements et sociétés en participation"
"Dettes long terme",181000,132,181000,"Others","Comptes de liaison des établissements"
"Dettes long terme",186000,133,186000,"Others","Biens et prestations de services échangés entre établissements (charges)"
"Dettes long terme",187000,134,187000,"Others","Biens et prestations de services échangés entre établissements (produits)"
"Dettes long terme",188000,135,188000,"Others","Comptes de liaison des sociétés en participation"
"Vue","Classe 2",136,"Classe 2","View","Comptes d'immobilisations"
"Vue",20,137,20,"View","Immobilisations incorporelles"
"Immobilisations",201,138,201,"View","Frais d'établissement"
"Immobilisations",201100,139,201100,"Others","Frais de constitution"
"Immobilisations",2012,140,2012,"View","Frais de premier établissement"
"Immobilisations",201210,141,201210,"Others","Frais de prospection"
"Immobilisations",201220,142,201220,"Others","Frais de publicité"
"Immobilisations",201300,143,201300,"Others","Frais d'augmentation de capital et d'opérations diverses (fusions, scissions, transformations)"
"Immobilisations",203000,144,203000,"Others","Frais de recherche et de développement"
"Immobilisations",205000,145,205000,"Others","Concessions et droits similaires, brevets, licences, marques, procédés, logiciels, droits et valeurs similaires"
"Immobilisations",206000,146,206000,"Others","Droit au bail"
"Immobilisations",207000,147,207000,"Others","Fonds commercial"
"Immobilisations",208000,148,208000,"Others","Autres immobilisations incorporelles"
"Vue",21,149,21,"View","Immobilisations corporelles"
"Immobilisations",211,150,211,"View","Terrains"
"Immobilisations",211100,151,211100,"Others","Terrains nus"
"Immobilisations",211200,152,211200,"Others","Terrains aménagés"
"Immobilisations",211300,153,211300,"Others","Sous-sols et sur-sols"
"Immobilisations",2114,154,2114,"View","Terrains de gisement"
"Immobilisations",211410,155,211410,"Others","Carrières"
"Immobilisations",2115,156,2115,"View","Terrains bâtis"
"Immobilisations",211510,157,211510,"Others","Ensembles immobiliers industriels (A, B, ...)"
"Immobilisations",211550,158,211550,"Others","Ensembles immobiliers administratifs et commerciaux (A, B, ...)"
"Immobilisations",21158,159,21158,"View","Autres ensembles immobiliers"
"Immobilisations",211581,160,211581,"Others","Affectés aux opérations professionnelles (A, B, ...)"
"Immobilisations",211588,161,211588,"Others","Affectés aux opérations non professionnelles (A, B, ...)"
"Immobilisations",211600,162,211600,"Others","Compte d'ordre sur immobilisations"
"Immobilisations",212000,163,212000,"Others","Agencements et aménagements de terrains (même ventilation que celle du compte 211)"
"Immobilisations",213,164,213,"View","Constructions"
"Immobilisations",2131,165,2131,"View","Bâtiments"
"Immobilisations",213110,166,213110,"Others","Ensembles immobiliers industriels (A, B, ...)"
"Immobilisations",213150,167,213150,"Others","Ensembles immobiliers administratifs et commerciaux (A, B, ...)"
"Immobilisations",21318,168,21318,"View","Autres ensembles immobiliers"
"Immobilisations",213181,169,213181,"Others","Affectés aux opérations professionnelles (A, B, ...)"
"Immobilisations",213188,170,213188,"Others","Affectés aux opérations non professionnelles (A, B, ...)"
"Immobilisations",213500,171,213500,"Others","Installations générales agencements aménagements des constructions (même ventilation que celle du compte 2131)"
"Immobilisations",2138,172,2138,"View","Ouvrages d'infrastructure"
"Immobilisations",213810,173,213810,"Others","Voies de terre"
"Immobilisations",213820,174,213820,"Others","Voies de fer"
"Immobilisations",213830,175,213830,"Others","Voies d'eau"
"Immobilisations",213840,176,213840,"Others","Barrages"
"Immobilisations",213850,177,213850,"Others","Pistes d'aérodromes"
"Immobilisations",214000,178,214000,"Others","Constructions sur sol d'autrui (même ventilation que celle du compte 213)"
"Immobilisations",215,179,215,"View","Installations techniques matériels et outillages industriels"
"Immobilisations",2151,180,2151,"View","Installations complexes spécialisées"
"Immobilisations",215110,181,215110,"Others","Sur sol propre"
"Immobilisations",215140,182,215140,"Others","Sur sol d'autrui"
"Immobilisations",2153,183,2153,"View","Installations à caractère spécifique"
"Immobilisations",215310,184,215310,"Others","Sur sol propre"
"Immobilisations",215340,185,215340,"Others","Sur sol d'autrui"
"Immobilisations",215400,186,215400,"Others","Matériel industriel"
"Immobilisations",215500,187,215500,"Others","Outillage industriel"
"Immobilisations",215700,188,215700,"Others","Agencements et aménagements du matériel et outillage industriels"
"Immobilisations",218,189,218,"View","Autres immobilisations corporelles"
"Immobilisations",218100,190,218100,"Others","Installations générales agencements aménagements divers"
"Immobilisations",218200,191,218200,"Others","Matériel de transport"
"Immobilisations",218300,192,218300,"Others","Matériel de bureau et matériel informatique "
"Immobilisations",218400,193,218400,"Others","Mobilier"
"Immobilisations",218500,194,218500,"Others","Cheptel"
"Immobilisations",218600,195,218600,"Others","Emballages récupérables"
"Vue",22,196,22,"View","Immobilisations mises en concession"
"Vue",23,197,23,"View","Immobilisations en cours"
"Immobilisations",231,198,231,"View","Immobilisations corporelles en cours"
"Immobilisations",231200,199,231200,"Others","Terrains"
"Immobilisations",231300,200,231300,"Others","Constructions"
"Immobilisations",231500,201,231500,"Others","Installations techniques matériel et outillage industriels"
"Immobilisations",231800,202,231800,"Others","Autres immobilisations corporelles"
"Immobilisations",232000,203,232000,"Others","Immobilisations incorporelles en cours "
"Immobilisations",237000,204,237000,"Others","Avances et acomptes versés sur commandes d'immobilisations incorporelles"
"Immobilisations",238,205,238,"View","Avances et acomptes versés sur commandes d'immobilisations corporelles"
"Immobilisations",238200,206,238200,"Others","Terrains"
"Immobilisations",238300,207,238300,"Others","Constructions"
"Immobilisations",238500,208,238500,"Others","Installations techniques matériel et outillage industriels"
"Immobilisations",238800,209,238800,"Others","Autres immobilisations corporelles"
"Vue",25,210,25,"View","Parts dans des entreprises liées et créances dans des entreprises liées"
"Vue",26,211,26,"View","Participations et créances rattachées à des participations"
"Immobilisations",261,212,261,"View","Titres de participation"
"Immobilisations",261100,213,261100,"Others","Actions"
"Immobilisations",261800,214,261800,"Others","Autres titres"
"Immobilisations",262000,215,262000,"Others","Titres évalués par équivalence"
"Immobilisations",266000,216,266000,"Others","Autres formes de participation"
"Immobilisations",267,217,267,"View","Créances rattachées à des participations"
"Immobilisations",267100,218,267100,"Others","Créances rattachées à des participations (groupe)"
"Immobilisations",267400,219,267400,"Others","Créances rattachées à des participations (hors groupe)"
"Immobilisations",267500,220,267500,"Others","Versements représentatifs d'apports non capitalisés (appel de fonds)"
"Immobilisations",267600,221,267600,"Others","Avances consolidables"
"Immobilisations",267700,222,267700,"Others","Autres créances rattachées à des participations "
"Immobilisations",267800,223,267800,"Others","Intérêts courus"
"Immobilisations",268,224,268,"View","Créances rattachées à des sociétés en participation"
"Immobilisations",268100,225,268100,"Others","Principal"
"Immobilisations",268800,226,268800,"Others","Intérêts courus"
"Immobilisations",269000,227,269000,"Others","Versements restant à effectuer sur titres de participation non libérés"
"Vue",27,228,27,"View","Autres immobilisations financières"
"Immobilisations",271,229,271,"View","Titres immobilisés autres que les titres immobilisés de l'activité de portefeuille (droit de propriété)"
"Immobilisations",271100,230,271100,"Others","Actions"
"Immobilisations",271800,231,271800,"Others","Autres titres"
"Immobilisations",272,232,272,"View","Titres immobilisés (droit de créance)"
"Immobilisations",272100,233,272100,"Others","Obligations"
"Immobilisations",272200,234,272200,"Others","Bons"
"Immobilisations",273000,235,273000,"Others","Titres immobilisés de l'activité de portefeuille (TIAP)"
"Immobilisations",274,236,274,"View","Prêts"
"Immobilisations",274100,237,274100,"Others","Prêts participatifs"
"Immobilisations",274200,238,274200,"Others","Prêts aux associés"
"Immobilisations",274300,239,274300,"Others","Prêts au personnel"
"Immobilisations",274800,240,274800,"Others","Autres prêts"
"Immobilisations",275,241,275,"View","Dépôts et cautionnements versés"
"Immobilisations",275100,242,275100,"Others","Dépôts"
"Immobilisations",275500,243,275500,"Others","Cautionnements"
"Immobilisations",276,244,276,"View","Autres créances immobilisées"
"Immobilisations",276100,245,276100,"Others","Créances diverses"
"Immobilisations",2768,246,2768,"View","Intérêts courus"
"Immobilisations",276820,247,276820,"Others","Sur titres immobilisés (droits de créance)"
"Immobilisations",276840,248,276840,"Others","Sur prêts"
"Immobilisations",276850,249,276850,"Others","Sur dépôts et cautionnements"
"Immobilisations",276880,250,276880,"Others","Sur créances diverses"
"Immobilisations",277,251,277,"View","Actions propres ou parts propres"
"Immobilisations",277100,252,277100,"Others","Actions propres ou parts propres"
"Immobilisations",277200,253,277200,"Others","Actions propres ou parts propres en voie d'annulation"
"Immobilisations",279000,254,279000,"Others","Versements restant à effectuer sur titres immobilisés non libérés"
"Vue",28,255,28,"View","Amortissement des immobilisations"
"Immobilisations",280,256,280,"View","Amortissements des immobilisations incorporelles"
"Immobilisations",280100,257,280100,"Others","Frais d'établissement (même ventilation que celle du compte 201) "
"Immobilisations",280300,258,280300,"Others","Frais de recherche et de développement "
"Immobilisations",280500,259,280500,"Others","Concessions et droits similaires, brevets, licences, logiciels, droits et valeurs similaires"
"Immobilisations",280700,260,280700,"Others","Fonds commercial"
"Immobilisations",280800,261,280800,"Others","Autres immobilisations incorporelles"
"Immobilisations",281,262,281,"View","Amortissements des immobilisations corporelles"
"Immobilisations",281100,263,281100,"Others","Terrains de gisement"
"Immobilisations",281200,264,281200,"Others","Agencements aménagements de terrains (même ventilation que celle du compte 212)"
"Immobilisations",281300,265,281300,"Others","Constructions (même ventilation que celle du compte 213)"
"Immobilisations",281400,266,281400,"Others","Constructions sur sol d'autrui (même ventilation que celle du compte 214)"
"Immobilisations",281500,267,281500,"Others","Installations matériel et outillage industriels (même ventilation que celle du compte 215)"
"Immobilisations",281800,268,281800,"Others","Autres immobilisations corporelles (même ventilation que celle du compte 218)"
"Immobilisations",282000,269,282000,"Others","Amortissements des immobilisations mises en concession"
"Vue",29,270,29,"View","Dépréciation des immobilisations"
"Immobilisations",290,271,290,"View","Dépréciations des immobilisations incorporelles"
"Immobilisations",290500,272,290500,"Others","Marques, procédés, droits et valeurs similaires"
"Immobilisations",290600,273,290600,"Others","Droit au bail"
"Immobilisations",290700,274,290700,"Others","Fonds commercial"
"Immobilisations",290800,275,290800,"Others","Autres immobilisations incorporelles"
"Immobilisations",291,276,291,"View","Dépréciations des immobilisations corporelles (même ventilation que celle du compte 21)"
"Immobilisations",291100,277,291100,"Others","Terrains (autres que terrains de gisement)"
"Immobilisations",292000,278,292000,"Others","Dépréciations des immobilisations mises en concession"
"Immobilisations",293,279,293,"View","Dépréciations des immobilisations en cours"
"Immobilisations",293100,280,293100,"Others","Immobilisations corporelles en cours"
"Immobilisations",293200,281,293200,"Others","Immobilisations incorporelles en cours"
"Immobilisations",296,282,296,"View","Provisions pour dépréciation des participations et créances rattachées à des participations"
"Immobilisations",296100,283,296100,"Others","Titres de participation"
"Immobilisations",296600,284,296600,"Others","Autres formes de participation"
"Immobilisations",296700,285,296700,"Others","Créances rattachées à des participations (même ventilation que celle du compte 267)"
"Immobilisations",296800,286,296800,"Others","Créances rattachées à des sociétés en participation (même ventilation que celle du compte 268)"
"Immobilisations",297,287,297,"View","Dépréciations des autres immobilisations financières"
"Immobilisations",297100,288,297100,"Others","Titres immobilisés autres que les titres immobilisés de l'activité de portefeuille - droit de propriété (ventilation : 271)"
"Immobilisations",297200,289,297200,"Others","Titres immobilisés - droit de créance (même ventilation que celle du compte 272) "
"Immobilisations",297300,290,297300,"Others","Titres immobilisés de l'activité de portefeuille"
"Immobilisations",297400,291,297400,"Others","Prêts (même ventilation que celle du compte 274)"
"Immobilisations",297500,292,297500,"Others","Dépôts et cautionnements versés (même ventilation que celle du compte 275)"
"Immobilisations",297600,293,297600,"Others","Autres créances immobilisées (même ventilation que celle du compte 276)"
"Vue","Classe 3",294,"Classe 3","View","Comptes de stocks et d'en-cours"
"Vue",31,295,31,"View","Matières premières (et fourniture)"
"Actif circulant",311000,296,311000,"Others","Matière (ou groupe) A"
"Actif circulant",312000,297,312000,"Others","Matière (ou groupe) B"
"Actif circulant",317000,298,317000,"Others","Fournitures A, B, C, .."
"Vue",32,299,32,"View","Autres approvisionnements"
"Actif circulant",321,300,321,"View","Matières consommables"
"Actif circulant",321100,301,321100,"Others","Matière (ou groupe) C"
"Actif circulant",321200,302,321200,"Others","Matière (ou groupe) D"
"Actif circulant",322,303,322,"View","Fournitures consommables"
"Actif circulant",322100,304,322100,"Others","Combustibles"
"Actif circulant",322200,305,322200,"Others","Produits d'entretien"
"Actif circulant",322300,306,322300,"Others","Fournitures d'atelier et d usine"
"Actif circulant",322400,307,322400,"Others","Fournitures de magasin"
"Actif circulant",322500,308,322500,"Others","Fournitures de bureau"
"Actif circulant",326,309,326,"View","Emballages"
"Actif circulant",326100,310,326100,"Others","Emballages perdus"
"Actif circulant",326500,311,326500,"Others","Emballages récupérables non identifiables"
"Actif circulant",326700,312,326700,"Others","Emballages à usage mixte"
"Vue",33,313,33,"View","En-cours de production de biens"
"Actif circulant",331,314,331,"View","Produits en cours"
"Actif circulant",331100,315,331100,"Others","Produit en cours P 1"
"Actif circulant",331200,316,331200,"Others","Produit en cours P 2"
"Actif circulant",335,317,335,"View","Travaux en cours"
"Actif circulant",335100,318,335100,"Others","Travaux en cours T 1"
"Actif circulant",335200,319,335200,"Others","Travaux en cours T 2"
"Vue",34,320,34,"View","En-cours de production de services"
"Actif circulant",341,321,341,"View","Études en cours"
"Actif circulant",341100,322,341100,"Others","Études en cours E 1"
"Actif circulant",341200,323,341200,"Others","Études en cours E 2"
"Actif circulant",345,324,345,"View","Prestations de services en cours"
"Actif circulant",345100,325,345100,"Others","Prestations de services S 1"
"Actif circulant",345200,326,345200,"Others","Prestations de services S 2"
"Vue",35,327,35,"View","Stocks de produits"
"Actif circulant",351,328,351,"View","Produits intermédiaires"
"Actif circulant",351100,329,351100,"Others","Produits intermédiaires (ou groupe) A "
"Actif circulant",351200,330,351200,"Others","Produits intermédiaires (ou groupe) B"
"Actif circulant",355,331,355,"View","Produits finis"
"Actif circulant",355100,332,355100,"Others","Produits finis (ou groupe) A"
"Actif circulant",355200,333,355200,"Others","Produits finis (ou groupe) B"
"Actif circulant",358,334,358,"View","Produits résiduels (ou matières de récupération)"
"Actif circulant",358100,335,358100,"Others","Déchets"
"Actif circulant",358500,336,358500,"Others","Rebuts"
"Actif circulant",358600,337,358600,"Others","Matières de récupération"
"Vue",36,338,36,"View","Stocks provenant d'immobilisations"
"Vue",37,339,37,"View","Stocks de marchandises"
"Actif circulant",371000,340,371000,"Others","Marchandises (ou groupe) A"
"Actif circulant",372000,341,372000,"Others","Marchandises (ou groupe) B"
"Vue",38,342,38,"View","Stocks en voie d'acheminement"
"Vue",39,343,39,"View","Provisions pour dépréciation des stocks et en-cours"
"Actif circulant",391,344,391,"View","Provisions pour dépréciation des matières premières (et fournitures)"
"Actif circulant",391100,345,391100,"Others","Matières (ou groupe) A"
"Actif circulant",391200,346,391200,"Others","Matières (ou groupe) B"
"Actif circulant",391700,347,391700,"Others","Fournitures A, B, C, .."
"Actif circulant",392,348,392,"View","Provisions pour dépréciation des autres approvisionnements"
"Actif circulant",392100,349,392100,"Others","Matières consommables (même ventilation que celle du compte 321)"
"Actif circulant",392200,350,392200,"Others","Fournitures consommables (même ventilation que celle du compte 322)"
"Actif circulant",392600,351,392600,"Others","Emballages (même ventilation que celle du compte 326)"
"Actif circulant",393,352,393,"View","Provisions pour dépréciation des en-cours de production de biens"
"Actif circulant",393100,353,393100,"Others","Produits en cours (même ventilation que celle du compte 331)"
"Actif circulant",393500,354,393500,"Others","Travaux en cours (même ventilation que celle du compte 335)"
"Actif circulant",394,355,394,"View","Provisions pour dépréciation des en-cours de production de services"
"Actif circulant",394100,356,394100,"Others","Études en cours (même ventilation que celle du compte 341)"
"Actif circulant",394500,357,394500,"Others","Prestations de services en cours (même ventilation que celle du compte 345)"
"Actif circulant",395,358,395,"View","Provisions pour dépréciation des stocks de produits"
"Actif circulant",395100,359,395100,"Others","Produits intermédiaires (même ventilation que celle du compte 351)"
"Actif circulant",395500,360,395500,"Others","Produits finis (même ventilation que celle du compte 355)"
"Actif circulant",397,361,397,"View","Provisions pour dépréciation des stocks de marchandises"
"Actif circulant",397100,362,397100,"Others","Marchandises (ou groupe) A"
"Actif circulant",397200,363,397200,"Others","Marchandises (ou groupe) B"
"Vue","Classe 4",364,"Classe 4","View","Comptes de tiers"
"Vue",40,365,40,"View","Fournisseurs et comptes rattachés"
"Debiteurs",400000,366,400000,"Payable","Fournisseurs et comptes rattachés "
"Debiteurs",401,367,401,"View","Fournisseurs"
"Debiteurs",401100,368,401100,"Payable","Fournisseurs - Achats de biens et prestations de services"
"Debiteurs",401700,369,401700,"Payable","Fournisseurs - Retenues de garantie"
"Debiteurs",404,371,404,"View","Fournisseurs d'immobilisations"
"Debiteurs",404100,372,404100,"Payable","Fournisseurs - Achats d'immobilisations"
"Debiteurs",404700,373,404700,"Payable","Fournisseurs d'immobilisations - Retenues de garantie"
"Debiteurs",405000,374,405000,"Payable","Fournisseurs d'immobilisations - Effets à payer"
"Debiteurs",408,375,408,"View","Fournisseurs - Factures non parvenues"
"Debiteurs",408100,376,408100,"Payable","Fournisseurs"
"Debiteurs",408400,377,408400,"Payable","Fournisseurs d'immobilisations "
"Debiteurs",408800,378,408800,"Payable","Fournisseurs - Intérêts courus"
"Debiteurs",409,379,409,"View","Fournisseurs débiteurs"
"Actif circulant",409100,380,409100,"Others","Fournisseurs - Avances et acomptes versés sur commandes"
"Actif circulant",409600,381,409600,"Others","Fournisseurs - Créances pour emballages et matériel à rendre"
"Actif circulant",4097,382,4097,"View","Fournisseurs - Autres avoirs"
"Actif circulant",409710,383,409710,"Others","Fournisseurs d'exploitation"
"Actif circulant",409740,384,409740,"Others","Fournisseurs d'immobilisations"
"Actif circulant",409800,385,409800,"Others","Rabais, remises, ristournes à obtenir et autres avoirs non encore reçus"
"Vue",41,386,41,"View","Clients et comptes rattachés"
"Crediteurs",410000,387,410000,"Receivable","Clients et comptes rattachés "
"Crediteurs",411,388,411,"View","Clients"
"Crediteurs",411100,389,411100,"Receivable","Clients - Ventes de biens ou de prestations de services"
"Crediteurs",411700,390,411700,"Receivable","Clients - Retenues de garantie"
"Crediteurs",413000,391,413000,"Receivable","Clients - Effets à recevoir"
"Crediteurs",416000,392,416000,"Receivable","Clients douteux ou litigieux"
"Crediteurs",418,393,418,"View","Clients - Produits non encore facturés"
"Crediteurs",418100,394,418100,"Receivable","Clients - Factures à établir "
"Crediteurs",418800,395,418800,"Receivable","Clients - Intérêts courus"
"Crediteurs",419,396,419,"View","Clients créditeurs"
"Dettes long terme",419100,397,419100,"Others","Clients - Avances et acomptes reçus sur commandes"
"Dettes long terme",419600,398,419600,"Others","Clients - Dettes pour emballages et matériels consignés "
"Dettes long terme",419700,399,419700,"Others","Clients - Autres avoirs "
"Dettes long terme",419800,400,419800,"Others","Rabais, remises, ristournes à accorder et autres avoirs à établir"
"Vue",42,401,42,"View","Personnel et comptes rattachés"
"Dettes long terme",421,402,421,"View","Personnel - Rémunérations dues"
"Dettes long terme",422000,403,422000,"Others","Comités d'entreprise d'établissement "
"Dettes long terme",424,404,424,"View","Participation des salariés aux résultats"
"Dettes long terme",424600,405,424600,"Others","Réserve spéciale"
"Dettes long terme",424800,406,424800,"Others","Comptes courants"
"Crediteurs",425000,407,425000,"Receivable","Personnel - Avances et acomptes"
"Dettes long terme",426000,408,426000,"Others","Personnel - Dépôts"
"Dettes long terme",427000,409,427000,"Others","Personnel - Oppositions"
"Dettes long terme",428,410,428,"View","Personnel - Charges à payer et produits à recevoir"
"Dettes long terme",428200,411,428200,"Others","Dettes provisionnées pour congés à payer"
"Dettes long terme",428400,412,428400,"Others","Dettes provisionnées pour participation des salariés aux résultats"
"Dettes long terme",428600,413,428600,"Others","Autres charges à payer"
"Crediteurs",428700,414,428700,"Receivable","Produits à recevoir"
"Vue",43,415,43,"View","Sécurité Sociale et autres organismes sociaux"
"Dettes long terme",431000,416,431000,"Others","Sécurité Sociale"
"Dettes long terme",437,417,437,"View","Autres organismes sociaux"
"Dettes long terme",438,418,438,"View","Organismes sociaux - Charges à payer et produits à recevoir"
"Dettes long terme",438200,419,438200,"Others","Charges sociales sur congés à payer "
"Dettes long terme",438600,420,438600,"Others","Autres charges à payer"
"Crediteurs",438700,421,438700,"Receivable","Produits à recevoir"
"Vue",44,422,44,"View","Etat et autres collectivités publiques"
"Crediteurs",441,423,441,"View","État - Subventions à recevoir"
"Crediteurs",441100,424,441100,"Receivable","Subventions d'investissement"
"Crediteurs",441700,425,441700,"Receivable","Subventions d'exploitation"
"Crediteurs",441800,426,441800,"Receivable","Subventions d'équilibre"
"Crediteurs",441900,427,441900,"Receivable","Avances sur subventions"
"Taxes",442,428,442,"View","État -Impôts et taxes recouvrables sur des tiers "
"Taxes",442400,429,442400,"Others","Obligataires"
"Taxes",442500,430,442500,"Others","Associés"
"Taxes",443,431,443,"View","Opérations particulières avec l'État, les collectivités publiques, les organismes internationaux"
"Crediteurs",443100,432,443100,"Receivable","Créances sur l'État résultant de la suppression de la règle du décalage d'un mois en matière de TVA"
"Taxes",443800,433,443800,"Others","Intérêts courus sur créances figurant au compte 4431"
"Taxes",444000,434,444000,"Others","État - Impôts sur les bénéfices"
"Taxes",445,435,445,"View","État - Taxes sur le chiffre d'affaires"
"Taxes",4452,436,4452,"View","TVA due intracommunautaire"
"Taxes",445201,437,445201,"Others","TVA due intracommunautaire 20%"
"Taxes",445202,438,445202,"Others","TVA due intracommunautaire 5,5%"
"Taxes",445203,439,445203,"Others","TVA due intracommunautaire (autre taux)"
"Taxes",4455,440,4455,"View","Taxes sur le chiffre d'affaires à décaisser"
"Taxes",445510,441,445510,"Others","TVA à décaisser"
"Taxes",445580,442,445580,"Others","Taxes assimilées à la TVA"
"Taxes",4456,443,4456,"View","Taxes sur le chiffre d'affaires déductibles"
"Taxes",445620,444,445620,"Others","TVA sur immobilisations"
"Taxes",445630,445,445630,"Others","TVA transférée par d'autres entreprises"
"Taxes",44566,446,44566,"View","TVA sur autres biens et services"
"Taxes",445662,447,445662,"Others","TVA déductible intracommunautaire"
"Taxes",445670,448,445670,"Others","Crédit de TVA à reporter"
"Taxes",445680,449,445680,"Others","Taxes assimilées à la TVA"
"Taxes",4457,450,4457,"View","Taxes sur le chiffre d'affaires collectées par l'entreprise"
"Taxes",44571,451,44571,"View","TVA collectée"
"Taxes",445711,452,445711,"Others","TVA collectée 20%"
"Taxes","445711(copy)",1017,"445711(copy)","Others","TVA collectée 20%"
"Taxes",445712,453,445712,"Others","TVA collectée 5,5%"
"Taxes",445713,454,445713,"Others","TVA collectée (autre taux)"
"Taxes",445780,455,445780,"Others","Taxes assimilées à la TVA"
"Taxes",4458,456,4458,"View","Taxes sur le chiffre d'affaires à régulariser ou en attente"
"Taxes",445810,457,445810,"Others","Acomptes - Régime simplifié d'imposition"
"Taxes",445820,458,445820,"Others","Acomptes - Régime du forfait"
"Taxes",445830,459,445830,"Others","Remboursement de taxes sur le chiffre d'affaires demandé"
"Taxes",445840,460,445840,"Others","TVA récupérée d'avance"
"Taxes",445860,461,445860,"Others","Taxes sur le chiffre d'affaires sur factures non parvenues"
"Taxes",445870,462,445870,"Others","Taxes sur le chiffre d'affaires sur factures à établir"
"Taxes",446000,463,446000,"Others","Obligations cautionnées"
"Taxes",447000,464,447000,"Others","Autres impôts, taxes et versements assimilés"
"Taxes",448,465,448,"View","État - Charges à payer et produits à recevoir"
"Taxes",448200,466,448200,"Others","Charges fiscales sur congés à payer "
"Taxes",448600,467,448600,"Others","Charges à payer"
"Taxes",448700,468,448700,"Others","Produits à recevoir"
"Taxes",449000,469,449000,"Others","Quotas d'émission à restituer à l'État"
"Vue",45,470,45,"View","Groupe et associés"
"Crediteurs",451000,471,451000,"Receivable","Groupe"
"Crediteurs",455,472,455,"View","Associés - Comptes courants"
"Crediteurs",455100,473,455100,"Receivable","Principal"
"Crediteurs",455800,474,455800,"Receivable","Intérêts courus"
"Crediteurs",456,475,456,"View","Associés - Opérations sur le capital"
"Crediteurs",4561,476,4561,"View","Associés - Comptes d'apport en société"
"Crediteurs",456110,477,456110,"Receivable","Apports en nature"
"Crediteurs",456150,478,456150,"Receivable","Apports en numéraire"
"Crediteurs",4562,479,4562,"View","Apporteurs - Capital appelé, non versé"
"Crediteurs",456210,480,456210,"Receivable","Actionnaires - Capital souscrit et appelé, non versé"
"Crediteurs",456250,481,456250,"Receivable","Associés - Capital appelé, non versé"
"Crediteurs",456300,482,456300,"Receivable","Associés - Versements reçus sur augmentation de capital"
"Crediteurs",456400,483,456400,"Receivable","Associés - Versements anticipés"
"Crediteurs",456600,484,456600,"Receivable","Actionnaires défaillants"
"Crediteurs",456700,485,456700,"Receivable","Associés - Capital à rembourser"
"Dettes long terme",457000,486,457000,"Others","Associés - Dividendes à payer"
"Crediteurs",458,487,458,"View","Associés - Opérations faites en commun et en GIE"
"Crediteurs",458100,488,458100,"Receivable","Opérations courantes"
"Crediteurs",458800,489,458800,"Receivable","Intérêts courus"
"Vue",46,490,46,"View","Débiteurs divers et créditeurs divers"
"Crediteurs",462000,491,462000,"Receivable","Créances sur cessions d'immobilisations"
"Dettes long terme",464000,492,464000,"Others","Dettes sur acquisitions de valeurs mobilières de placement"
"Crediteurs",465000,493,465000,"Receivable","Créances sur cessions de valeurs mobilières de placement"
"Vue",467,494,467,"View","Autres comptes débiteurs ou créditeurs"
"Crediteurs",468,495,468,"View","Divers - Charges à payer et produits à recevoir"
"Dettes long terme",468600,496,468600,"Others","Charges à payer"
"Crediteurs",468700,497,468700,"Receivable","Produits à recevoir"
"Vue",47,498,47,"View","Comptes transitoires ou d'attente"
"Crediteurs",471000,499,471000,"Receivable","Comptes d'attente 1"
"Crediteurs",472000,500,472000,"Receivable","Comptes d'attente 2"
"Crediteurs",473000,501,473000,"Receivable","Comptes d'attente 3"
"Crediteurs",474000,502,474000,"Receivable","Comptes d'attente 4"
"Crediteurs",475000,503,475000,"Receivable","Comptes d'attente 5"
"Crediteurs",476,504,476,"View","Différences de conversion - ACTIF"
"Crediteurs",476100,505,476100,"Receivable","Diminution des créances"
"Crediteurs",476200,506,476200,"Receivable","Augmentation des dettes"
"Crediteurs",476800,507,476800,"Receivable","Différences compensées par couverture de change"
"Dettes long terme",477,508,477,"View","Différences de conversion - PASSIF"
"Dettes long terme",477100,509,477100,"Others","Augmentation des créances"
"Dettes long terme",477200,510,477200,"Others","Diminution des dettes"
"Dettes long terme",477800,511,477800,"Others","Différences compensées par couverture de change"
"Vue",478,512,478,"View","Autres comptes transitoires"
"Vue",48,513,48,"View","Comptes de régularisation"
"Crediteurs",481,514,481,"View","Charges à répartir sur plusieurs exercices "
"Crediteurs",481600,515,481600,"Receivable","Frais d'émission des emprunts"
"Crediteurs",486000,516,486000,"Receivable","Charges constatées d'avance"
"Dettes long terme",487000,517,487000,"Others","Produits constatés d'avance"
"Vue",488,518,488,"View","Comptes de répartition périodique des charges et des produits"
"Dettes long terme",488600,519,488600,"Others","Charges"
"Crediteurs",488700,520,488700,"Receivable","Produits"
"Crediteurs",489000,521,489000,"Receivable","Quotas d'émission alloués par l'État"
"Vue",49,522,49,"View","Dépréciations des comptes de tiers"
"Dettes long terme",491000,523,491000,"Others","Dépréciation des comptes de clients"
"Dettes long terme",495,524,495,"View","Dépréciation des comptes du groupe et des associés"
"Dettes long terme",495100,525,495100,"Others","Comptes du groupe"
"Dettes long terme",495500,526,495500,"Others","Comptes courants des associés"
"Dettes long terme",495800,527,495800,"Others","Opérations faites en commun et en GIE"
"Crediteurs",496,528,496,"View","Dépréciations des comptes de débiteurs divers"
"Crediteurs",496200,529,496200,"Receivable","Créances sur cessions d'immobilisations"
"Crediteurs",496500,530,496500,"Receivable","Créances sur cessions de valeurs mobilières de placement"
"Crediteurs",496700,531,496700,"Receivable","Autres comptes débiteurs"
"Vue","Classe 5",532,"Classe 5","View","Comptes financiers"
"Vue",50,533,50,"View","Valeurs mobilières de placement"
"Liquidite",501000,534,501000,"Others","Parts dans entreprises liées"
"Liquidite",502000,535,502000,"Others","Actions propres"
"Liquidite",503,536,503,"View","Actions"
"Liquidite",503100,537,503100,"Others","Titres cotés"
"Liquidite",503500,538,503500,"Others","Titres non cotés"
"Liquidite",504000,539,504000,"Others","Autres titres conférant un droit de propriété"
"Liquidite",505000,540,505000,"Others","Obligations et bons émis par la société et rachetés par elle"
"Liquidite",506,541,506,"View","Obligations"
"Liquidite",506100,542,506100,"Others","Titres cotés"
"Liquidite",506500,543,506500,"Others","Titres non cotés"
"Liquidite",507000,544,507000,"Others","Bons du Trésor et bons de caisse à court terme"
"Liquidite",508,545,508,"View","Autres valeurs mobilières de placement et autres créances assimilées"
"Liquidite",508100,546,508100,"Others","Autres valeurs mobilières"
"Liquidite",508200,547,508200,"Others","Bons de souscription"
"Liquidite",508800,548,508800,"Others","Intérêts courus sur obligations, bons et valeurs assimilées"
"Liquidite",509000,549,509000,"Others","Versements restant à effectuer sur valeurs mobilières de placement non libérées"
"Vue",51,550,51,"View","Banques établissements financiers et assimilés"
"Liquidite",511,551,511,"View","Valeurs à l'encaissement"
"Liquidite",511100,552,511100,"Others","Coupons échus à l'encaissement"
"Liquidite",511200,553,511200,"Receivable","Chèques à encaisser"
"Liquidite",511201,1001,511201,"Receivable","Traites à encaisser"
"Liquidite",511300,554,511300,"Others","Effets à l'encaissement"
"Liquidite",511400,555,511400,"Others","Effets à l'escompte"
"Liquidite","511a",1009,"511a","View","Cheques en Circulation"
"Liquidite",511202,1002,511202,"Payable","Chèques Emises"
"Liquidite","511b",1014,"511b","View","Traites en Circulation"
"Debiteurs",403000,370,403000,"Payable","Fournisseurs - Effets à payer"
"Liquidite",512,556,512,"View","Banques"
"Liquidite",512001,994,512001,"Others","BMOI"
"Liquidite",512002,995,512002,"Others","BFV"
"Liquidite",512400,558,512400,"Others","BMOI USD"
"Liquidite",512500,1000,512500,"Others","BMOI EUR"
"Liquidite",518,563,518,"View","Intérêts courus"
"Liquidite",518100,564,518100,"Others","Intérêts courus à payer"
"Liquidite",518800,565,518800,"Others","Intérêts courus à recevoir"
"Liquidite",519,566,519,"View","Concours bancaires courants"
"Liquidite",519100,567,519100,"Others","Crédit de mobilisation de créances commerciales (CMCC)"
"Liquidite",519300,568,519300,"Others","Mobilisation de créances nées à l'étranger"
"Liquidite",519800,569,519800,"Others","Intérêts courus sur concours bancaires courants"
"Vue",52,570,52,"View","Instruments de trésorerie"
"Vue",53,571,53,"View","Caisse"
"Liquidite","531ALAROBIE",996,"531ALAROBIE","Others","Caisse"
"Liquidite",531,572,531,"View","Caisse siège social"
"Liquidite",531100,573,531100,"Others","Caisse en monnaie nationale"
"Liquidite",531400,574,531400,"Others","Caisse en devises"
"Liquidite",532000,575,532000,"Others","Caisse succursale (ou usine) A"
"Liquidite",533000,576,533000,"Others","Caisse succursale (ou usine) B"
"Vue",54,577,54,"View","Régies d'avances et accréditifs"
"Vue",58,578,58,"View","Virements internes"
"Vue",59,579,59,"View","Provisions pour dépréciation des comptes financiers"
"Liquidite",590,580,590,"View","Provisions pour dépréciation des valeurs mobilières de placement"
"Liquidite",590300,581,590300,"Others","Actions"
"Liquidite",590400,582,590400,"Others","Autres titres conférant un droit de propriété "
"Liquidite",590600,583,590600,"Others","Obligations"
"Liquidite",590800,584,590800,"Others","Autres valeurs mobilières de placement et créances assimilées (provisions)"
"Vue","Classes 6 et 7",585,"Classes 6 et 7","View","Comptes de gestion"
"Vue","Classe 6",586,"Classe 6","View","Comptes de charges"
"Vue",60,587,60,"View","Achats(sauf 603)"
"Depenses",601,588,601,"View","Achats stockés - Matières premières (et fournitures)"
"Depenses",601100,589,601100,"Others","Matières (ou groupe) A"
"Depenses",601200,590,601200,"Others","Matières (ou groupe) B"
"Depenses",601700,591,601700,"Others","Fournitures A, B, C, .."
"Depenses",602,592,602,"View","Achats stockés - Autres approvisionnements"
"Depenses",6021,593,6021,"View","Matières consommables"
"Depenses",602110,594,602110,"Others","Matières (ou groupe) C"
"Depenses",602120,595,602120,"Others","Matières (ou groupe) D"
"Depenses",6022,596,6022,"View","Fournitures consommables"
"Depenses",602210,597,602210,"Others","Combustibles"
"Depenses",602220,598,602220,"Others","Produits d'entretien"
"Depenses",602230,599,602230,"Others","Fournitures d'atelier et d'usine"
"Depenses",602240,600,602240,"Others","Fournitures de magasin"
"Depenses",602250,601,602250,"Others","Fournitures de bureau"
"Depenses",6026,602,6026,"View","Emballages"
"Depenses",602610,603,602610,"Others","Emballages perdus"
"Depenses",602650,604,602650,"Others","Emballages récupérables non identifiables"
"Depenses",602670,605,602670,"Others","Emballages à usage mixte"
"Depenses",603,606,603,"View","Variation des stocks (approvisionnements et marchandises)"
"Depenses",603100,607,603100,"Others","Variation des stocks de matières premières (et fournitures)"
"Depenses",603200,608,603200,"Others","Variation des stocks des autres approvisionnements"
"Depenses",603700,609,603700,"Others","Variation des stocks de marchandises"
"Depenses",604000,610,604000,"Others","Achats d'études et prestations de services"
"Depenses",605000,611,605000,"Others","Achats de matériel équipements et travaux"
"Depenses",606,612,606,"View","Achats non stockés de matières et fournitures"
"Depenses",606100,613,606100,"Others","Fournitures non stockables (eau, énergie...) "
"Depenses",606300,614,606300,"Others","Fournitures d'entretien et de petit équipement"
"Depenses",606400,615,606400,"Others","Fournitures administratives"
"Depenses",606800,616,606800,"Others","Autres matières et fournitures"
"Depenses",607,617,607,"View","Achats de marchandises"
"Depenses",607100,618,607100,"Others","Marchandise"
"Depenses",607200,619,607200,"Others","Produits Frais"
"Depenses",608000,620,608000,"Others","Frais accessoires incorporés aux achats"
"Depenses",609,621,609,"View","Rabais, remises et ristournes obtenus sur achats"
"Depenses",609100,622,609100,"Others","- de matières premières (et fournitures)"
"Depenses",609200,623,609200,"Others","- d'autres approvisionnements stockés"
"Depenses",609400,624,609400,"Others","- d'études et prestations de services"
"Depenses",609500,625,609500,"Others","- de matériel, équipements et travaux"
"Depenses",609600,626,609600,"Others","- d'approvisionnements non stockés"
"Depenses",609700,627,609700,"Others","- de marchandises"
"Depenses",609800,628,609800,"Others","Rabais, remises et ristournes non affectés"
"Vue",61,629,61,"View","Services extérieurs"
"Depenses",611000,630,611000,"Others","Sous-traitance générale"
"Depenses",612,631,612,"View","Redevances de crédit-bail"
"Depenses",612200,632,612200,"Others","Crédit-bail mobilier"
"Depenses",612500,633,612500,"Others","Crédit-bail immobilier"
"Depenses",613,634,613,"View","Locations"
"Depenses",613200,635,613200,"Others","Locations immobilières"
"Depenses",613500,636,613500,"Others","Locations mobilières"
"Depenses",613600,637,613600,"Others","Malis sur emballages"
"Depenses",614000,638,614000,"Others","Charges locatives et de copropriété"
"Depenses",615,639,615,"View","Entretien et réparations"
"Depenses",615200,640,615200,"Others","- sur biens immobiliers"
"Depenses",615500,641,615500,"Others","- sur biens mobiliers"
"Depenses",615600,642,615600,"Others","Maintenance"
"Depenses",616,643,616,"View","Primes d'assurance"
"Depenses",616100,644,616100,"Others","Multirisques"
"Depenses",616200,645,616200,"Others","Assurance obligatoire dommage construction "
"Depenses",6163,646,6163,"View","Assurance transport"
"Depenses",616360,647,616360,"Others","Assurance transport sur achats"
"Depenses",616370,648,616370,"Others","Assurance transportsur ventes"
"Depenses",616380,649,616380,"Others","Assurance transport sur autres biens"
"Depenses",616400,650,616400,"Others","Risques d'exploitation"
"Depenses",616500,651,616500,"Others","Insolvabilité clients"
"Depenses",617000,652,617000,"Others","Études et recherches"
"Depenses",618,653,618,"View","Divers"
"Depenses",618100,654,618100,"Others","Documentation générale"
"Depenses",618300,655,618300,"Others","Documentation technique"
"Depenses",618500,656,618500,"Others","Frais de colloques, séminaires, conférences"
"Depenses",619000,657,619000,"Others","Rabais, remises et ristournes obtenus sur services extérieurs"
"Vue",62,658,62,"View","Autres services extérieurs"
"Depenses",621,659,621,"View","Personnel extérieur à l'entreprise"
"Depenses",621100,660,621100,"Others","Personnel intérimaire"
"Depenses",621400,661,621400,"Others","Personnel détaché ou prêté à l'entreprise"
"Depenses",622,662,622,"View","Rémunérations d'intermédiaires et honoraires "
"Depenses",622100,663,622100,"Others","Commissions et courtages sur achats "
"Depenses",622200,664,622200,"Others","Commissions et courtages sur ventes"
"Depenses",622400,665,622400,"Others","Rémunérations des transitaires"
"Depenses",622500,666,622500,"Others","Rémunérations d'affacturage"
"Depenses",622600,667,622600,"Others","Honoraires"
"Depenses",622700,668,622700,"Others","Frais d'actes et de contentieux"
"Depenses",622800,669,622800,"Others","Divers"
"Depenses",623,670,623,"View","Publicité, publications, relations publiques"
"Depenses",623100,671,623100,"Others","Annonces et insertions"
"Depenses",623200,672,623200,"Others","Échantillons"
"Depenses",623300,673,623300,"Others","Foires et expositions"
"Depenses",623400,674,623400,"Others","Cadeaux à la clientèle"
"Depenses",623500,675,623500,"Others","Primes"
"Depenses",623600,676,623600,"Others","Catalogues et imprimés"
"Depenses",623700,677,623700,"Others","Publications"
"Depenses",623800,678,623800,"Others","Divers (pourboires, dons courants...)"
"Depenses",624,679,624,"View","Transports de biens et transports collectifs du personnel"
"Depenses",624100,680,624100,"Others","Transports sur achats"
"Depenses",624200,681,624200,"Others","Transports sur ventes"
"Depenses",624300,682,624300,"Others","Transports entre établissements ou chantiers"
"Depenses",624400,683,624400,"Others","Transports administratifs"
"Depenses",624700,684,624700,"Others","Transports collectifs du personnel"
"Depenses",624800,685,624800,"Others","Divers"
"Depenses",625,686,625,"View","Déplacements missions et réceptions"
"Depenses",625100,687,625100,"Others","Voyages et déplacements"
"Depenses",625500,688,625500,"Others","Frais de déménagement"
"Depenses",625600,689,625600,"Others","Missions"
"Depenses",625700,690,625700,"Others","Réceptions"
"Depenses",626000,691,626000,"Others","Frais postaux et frais de télécommunications"
"Depenses",627,692,627,"View","Services bancaires et assimilés"
"Depenses",627100,693,627100,"Others","Frais sur titres (achat, vente, garde)"
"Depenses",627200,694,627200,"Others","Commissions et frais sur émission d'emprunts"
"Depenses",627500,695,627500,"Others","Frais sur effets"
"Depenses",627030,998,627030,"Others","Commission Diverses"
"Depenses",627600,696,627600,"Others","Location de coffres"
"Depenses",627800,697,627800,"Others","Autres frais et commissions sur prestations de services"
"Depenses",628,698,628,"View","Divers"
"Depenses",628100,699,628100,"Others","Concours divers (cotisations...)"
"Depenses",628400,700,628400,"Others","Frais de recrutement de personnel"
"Depenses",629000,701,629000,"Others","Rabais, remises et ristournes obtenus sur autres services extérieurs"
"Vue",63,702,63,"View","Impôts, taxes et versements assimilés"
"Depenses",631,703,631,"View","Impôts, taxes et versements assimilés sur rémunérations (administration des impôts) "
"Depenses",631100,704,631100,"Others","Taxe sur les salaires"
"Depenses",631200,705,631200,"Others","Taxe d'apprentissage"
"Depenses",631300,706,631300,"Others","Participation des employeurs à la formation professionnelle continue"
"Depenses",631400,707,631400,"Others","Cotisation pour défaut d'investissement obligatoire dans la construction"
"Depenses",631800,708,631800,"Others","Autres"
"Depenses",633,709,633,"View","Impôts, taxes et versements assimilés sur rémunérations (autres organismes)"
"Depenses",633100,710,633100,"Others","Versement de transport"
"Depenses",633200,711,633200,"Others","Allocation logement"
"Depenses",633300,712,633300,"Others","Participation des employeurs à la formation professionnelle continue"
"Depenses",633400,713,633400,"Others","Participation des employeurs à l'effort de construction"
"Depenses",633500,714,633500,"Others","Versements libératoires ouvrant droit à l'exonération de la taxe d'apprentissage"
"Depenses",633800,715,633800,"Others","Autres"
"Depenses",635,716,635,"View","Autres impôts, taxes et versements assimilés (administration des impôts)"
"Depenses",6351,717,6351,"View","Impôts directs (sauf impôts sur les bénéfices)"
"Depenses",635110,718,635110,"Others","Taxe professionnelle"
"Depenses",635120,719,635120,"Others","Taxes foncières"
"Depenses",635130,720,635130,"Others","Autres impôts locaux"
"Depenses",635140,721,635140,"Others","Taxe sur les véhicules des sociétés"
"Depenses",635200,722,635200,"Others","Taxes sur le chiffre d'affaires non récupérables "
"Depenses",635300,723,635300,"Others","Impôts indirects"
"Depenses",6354,724,6354,"View","Droits d'enregistrement et de timbre"
"Depenses",635410,725,635410,"Others","Droits de mutation"
"Depenses",635800,726,635800,"Others","Autres droits"
"Depenses",637,727,637,"View","Autres impôts, taxes et versements assimilés (autres organismes)"
"Depenses",637100,728,637100,"Others","Contribution sociale de solidarité à la charge des sociétés"
"Depenses",637200,729,637200,"Others","Taxes perçues par les organismes publics internationaux"
"Depenses",637400,730,637400,"Others","Impôts et taxes exigibles à l'étranger"
"Depenses",637800,731,637800,"Others","Taxes diverses"
"Vue",64,732,64,"View","Charges de personnel"
"Depenses",641,733,641,"View","Rémunérations du personnel"
"Depenses",641100,734,641100,"Others","Salaires et appointements"
"Depenses",641200,735,641200,"Others","Congés payés"
"Depenses",641300,736,641300,"Others","Primes et gratifications"
"Depenses",641400,737,641400,"Others","Indemnités et avantages divers"
"Depenses",641500,738,641500,"Others","Supplément familial"
"Depenses",644000,739,644000,"Others","Rémunération du travail de l'exploitant"
"Depenses",645,740,645,"View","Charges de Sécurité sociale et de prévoyance"
"Depenses",645100,741,645100,"Others","Cotisations à l'URSSAF"
"Depenses",645200,742,645200,"Others","Cotisations aux mutuelles"
"Depenses",645300,743,645300,"Others","Cotisations aux caisses de retraites"
"Depenses",645400,744,645400,"Others","Cotisations aux ASSEDIC"
"Depenses",645800,745,645800,"Others","Cotisations aux autres organismes sociaux"
"Depenses",646,746,646,"View","Cotisations sociales personnelles de l'exploitant"
"Depenses",647,747,647,"View","Autres charges sociales"
"Depenses",647100,748,647100,"Others","Prestations directes"
"Depenses",647200,749,647200,"Others","Versements aux comités d'entreprise et d'établissement"
"Depenses",647300,750,647300,"Others","Versements aux comités d'hygiène et de sécurité"
"Depenses",647400,751,647400,"Others","Versements aux autres oeuvres sociales"
"Depenses",647500,752,647500,"Others","Médecine du travail pharmacie"
"Depenses",648000,753,648000,"Others","Autres charges de personnel"
"Vue",65,754,65,"View","Autres charges de gestion courante"
"Depenses",651,755,651,"View","Redevances pour concessions, brevets, licences, marques, procédés, logiciels, droits et valeurs similaires"
"Depenses",651100,756,651100,"Others","Redevances pour concessions brevets, licences, marques, procédés, logiciels "
"Depenses",651600,757,651600,"Others","Droits d'auteur et de reproduction"
"Depenses",651800,758,651800,"Others","Autres droits et valeurs similaires"
"Depenses",653000,759,653000,"Others","Jetons de présence"
"Depenses",654,760,654,"View","Pertes sur créances irrécouvrables"
"Depenses",654100,761,654100,"Others","Créances de l'exercice"
"Depenses",654400,762,654400,"Others","Créances des exercices antérieurs"
"Depenses",655,763,655,"View","Quotes-parts de résultat sur opérations faites en commun"
"Depenses",655100,764,655100,"Others","Quote-part de bénéfice transférée (comptabilité du gérant)"
"Depenses",655500,765,655500,"Others","Quote-part de perte supportée (comptabilité des associés non gérants)"
"Depenses",658000,766,658000,"Others","Charges diverses de gestion courante"
"Vue",66,767,66,"View","Charges financières"
"Depenses",661,768,661,"View","Charges d'intérêt"
"Depenses",6611,769,6611,"View","Intérêts des emprunts et dettes"
"Depenses",661160,770,661160,"Others","Intérêts des emprunts et dettes assimilées"
"Depenses",661170,771,661170,"Others","Intérêts des dettes rattachées à des participations"
"Depenses",661500,772,661500,"Others","Intérêts des comptes courants et des dépôts créditeurs"
"Depenses",661600,773,661600,"Others","Intérêts bancaires et sur opérations de financement (escompte, ...)"
"Depenses",661700,774,661700,"Others","Intérêts des obligations cautionnées"
"Depenses",6618,775,6618,"View","Intérêts des autres dettes"
"Depenses",661810,776,661810,"Others","Intérêts des dettes commerciales"
"Depenses",661880,777,661880,"Others","Intérêts des dettes diverses"
"Depenses",664000,778,664000,"Others","Pertes sur créances liées à des participations"
"Depenses",665000,779,665000,"Others","Escomptes accordés"
"Depenses",666000,780,666000,"Others","Pertes de change"
"Depenses",667000,781,667000,"Others","Charges nettes sur cessions de valeurs mobilières de placement"
"Depenses",668000,782,668000,"Others","Autres charges financières"
"Vue",67,783,67,"View","Charges exceptionnelles"
"Depenses",671,784,671,"View","Charges exceptionnelles sur opérations de gestion"
"Depenses",671100,785,671100,"Others","Pénalités sur marchés (et dédits payés sur achats et ventes)"
"Depenses",671200,786,671200,"Others","Pénalités, amendes fiscales et pénales "
"Depenses",671300,787,671300,"Others","Dons, libéralités"
"Depenses",671400,788,671400,"Others","Créances devenues irrécouvrables dans l'exercice"
"Depenses",671500,789,671500,"Others","Subventions accordées"
"Depenses",671700,790,671700,"Others","Rappels d'impôts (autres qu'impôts sur les bénéfices)"
"Depenses",671800,791,671800,"Others","Autres charges exceptionnelles sur opération de gestion"
"Depenses",672000,792,672000,"Others","Charges sur exercices antérieurs (en cours d'exercice seulement)"
"Depenses",675,793,675,"View","Valeurs comptables des éléments d'actif cédés"
"Depenses",675100,794,675100,"Others","Immobilisations incorporelles"
"Depenses",675200,795,675200,"Others","Immobilisations corporelles"
"Depenses",675600,796,675600,"Others","Immobilisations financières"
"Depenses",675800,797,675800,"Others","Autres éléments d'actif"
"Depenses",678,798,678,"View","Autres charges exceptionnelles"
"Depenses",678100,799,678100,"Others","Malis provenant de clauses d'indexation "
"Depenses",678200,800,678200,"Others","Lots"
"Depenses",678300,801,678300,"Others","Malis provenant du rachat par l'entreprise d'actions et obligations émises par elle-même"
"Depenses",678800,802,678800,"Others","Charges exceptionnelles diverses"
"Vue",68,803,68,"View","Dotations aux amortissements, dépréciations et provisions"
"Depenses",681,804,681,"View","Dotations aux amortissements, dépréciations et provisions - Charges d'exploitation"
"Depenses",6811,805,6811,"View","Dotations aux amortissements des immobilisations incorporelles et corporelles "
"Depenses",681110,806,681110,"Others","Immobilisations incorporelles"
"Depenses",681120,807,681120,"Others","Immobilisations corporelles"
"Depenses",681200,808,681200,"Others","Dotations aux amortissements des charges d'exploitation à répartir"
"Depenses",681500,809,681500,"Others","Dotations aux provisions pour risques et charges d'exploitation"
"Depenses",6816,810,6816,"View","Dotations pour dépréciations des immobilisations incorporelles et corporelles"
"Depenses",681610,811,681610,"Others","Immobilisations incorporelles"
"Depenses",681620,812,681620,"Others","Immobilisations corporelles"
"Depenses",6817,813,6817,"View","Dotations aux provisions pour dépréciation des actifs circulants"
"Depenses",681730,814,681730,"Others","Stocks et en-cours"
"Depenses",681740,815,681740,"Others","Créances"
"Depenses",686,816,686,"View","Dotations aux amortissements, dépréciations et provisions - Charges financières"
"Depenses",686100,817,686100,"Others","Dotations aux amortissements des primes de remboursement des obligations"
"Depenses",686500,818,686500,"Others","Dotations aux provisions pour risques et charges financiers"
"Depenses",6866,819,6866,"View","Dotations aux dépréciation des éléments financiers"
"Depenses",686620,820,686620,"Others","Immobilisations financières"
"Depenses",686650,821,686650,"Others","Valeurs mobilières de placement"
"Depenses",686800,822,686800,"Others","Autres dotations"
"Depenses",687,823,687,"View","Dotations aux amortissements, dépréciations et provisions - Charges exceptionnelles"
"Depenses",687100,824,687100,"Others","Dotations aux amortissements exceptionnels des immobilisations"
"Depenses",6872,825,6872,"View","Dotations aux provisions réglementées (immobilisations)"
"Depenses",687250,826,687250,"Others","Amortissements dérogatoires"
"Depenses",687300,827,687300,"Others","Dotations aux provisions réglementées (stocks)"
"Depenses",687400,828,687400,"Others","Dotations aux autres provisions réglementées"
"Depenses",687500,829,687500,"Others","Dotations aux provisions exceptionnelles"
"Depenses",687600,830,687600,"Others","Dotations aux dépréciations exceptionnelles"
"Vue",69,831,69,"View","Participation des salariés - Impôts sur les bénéfices et assimilés"
"Depenses",691000,832,691000,"Others","Participation des salariés aux résultats"
"Depenses",695,833,695,"View","Impôts sur les bénéfices"
"Depenses",695100,834,695100,"Others","Impôts dus en France"
"Depenses",695200,835,695200,"Others","Contribution additionnelle à l'impôt sur les bénéfices"
"Depenses",695400,836,695400,"Others","Impôts dus à l'étranger"
"Depenses",696000,837,696000,"Others","Supplément d'impôt sur les sociétés lié aux distributions"
"Depenses",697000,838,697000,"Others","Imposition forfaitaire annuelle des sociétés"
"Depenses",698,839,698,"View","Intégration fiscale"
"Depenses",698100,840,698100,"Others","Intégration fiscale - Charges"
"Depenses",698900,841,698900,"Others","Intégration fiscale - Produits"
"Depenses",699000,842,699000,"Others","Produits, Reports en arrière des déficits"
"Vue","Classe 7",843,"Classe 7","View","Comptes de produits"
"Vue",70,844,70,"View","Ventes de produits fabriqués - Prestations de service - Marchandises"
"Revenue",701,845,701,"View","Ventes de produits finis"
"Revenue",701100,846,701100,"Others","Produits finis (ou groupe) A"
"Revenue",701200,847,701200,"Others","Produits finis (ou groupe) B"
"Revenue",702000,848,702000,"Others","Ventes de produits intermédiaires"
"Revenue",703000,849,703000,"Others","Ventes de produits résiduels"
"Revenue",704,850,704,"View","Travaux"
"Revenue",704100,851,704100,"Others","Travaux de catégorie (ou activité) A"
"Revenue",704200,852,704200,"Others","Travaux de catégorie (ou activité) B"
"Revenue",705000,853,705000,"Others","Études"
"Revenue",706000,854,706000,"Others","Prestations de services"
"Revenue",707,855,707,"View","Ventes de marchandises"
"Revenue",707100,856,707100,"Others","Marchandises"
"Revenue",707200,857,707200,"Others","Produits Frais"
"Revenue",707300,858,707300,"Others","Marchandises à l'exportation"
"Revenue",708,859,708,"View","Produits des activités annexes"
"Revenue",708100,860,708100,"Others","Produits des services exploités dans l'intérêt du personnel"
"Revenue",708200,861,708200,"Others","Commissions et courtages"
"Revenue",708300,862,708300,"Others","Locations diverses"
"Revenue",708400,863,708400,"Others","Mise à disposition de personnel facturée "
"Revenue",708500,864,708500,"Others","Ports et frais accessoires facturés"
"Revenue",708600,865,708600,"Others","Bonis sur reprises d'emballages consignés"
"Revenue",708700,866,708700,"Others","Bonifications obtenues des clients et primes sur ventes"
"Revenue",708800,867,708800,"Others","Autres produits d'activités annexes (cessions d'approvisionnements...)"
"Revenue",709,868,709,"View","Rabais, remises et ristournes accordés par l'entreprise"
"Revenue",709100,869,709100,"Others","- sur ventes de produits finis"
"Revenue",709200,870,709200,"Others","- sur ventes de produits intermédiaires "
"Revenue",709400,871,709400,"Others","- sur travaux"
"Revenue",709500,872,709500,"Others","- sur études"
"Revenue",709600,873,709600,"Others","- sur prestations de services"
"Revenue",709700,874,709700,"Others","- sur ventes de marchandises"
"Revenue",709800,875,709800,"Others","- sur produits des activités annexes"
"Vue",71,876,71,"View","Production stockée (ou déstockage)"
"Revenue",713,877,713,"View","Variation des stocks (en-cours de production, produits)"
"Revenue",7133,878,7133,"View","Variation des en-cours de production de biens"
"Revenue",713310,879,713310,"Others","Produits en cours"
"Revenue",713350,880,713350,"Others","Travaux en cours"
"Revenue",7134,881,7134,"View","Variation des en-cours de production de services"
"Revenue",713410,882,713410,"Others","Études en cours"
"Revenue",713450,883,713450,"Others","Prestations de services en cours"
"Revenue",7135,884,7135,"View","Variation des stocks de produits"
"Revenue",713510,885,713510,"Others","Produits intermédiaires "
"Revenue",713550,886,713550,"Others","Produits finis"
"Revenue",713580,887,713580,"Others","Produits résiduels"
"Vue",72,888,72,"View","Production immobilisée"
"Revenue",721000,889,721000,"Others","Immobilisations incorporelles "
"Revenue",722000,890,722000,"Others","Immobilisations corporelles"
"Vue",74,891,74,"View","Subventions d'exploitation"
"Vue",75,892,75,"View","Autres produits de gestion courante"
"Revenue",751,893,751,"View","Redevances pour concessions, brevets, licences, marques, procédés, logiciels, droits et valeurs similaires"
"Revenue",751100,894,751100,"Others","Redevances pour concessions, brevets, licences, marques, procédés, logiciels "
"Revenue",751600,895,751600,"Others","Droits d'auteur et de reproduction"
"Revenue",751800,896,751800,"Others","Autres droits et valeurs similaires"
"Revenue",752000,897,752000,"Others","Revenus des immeubles non affectés aux activités professionnelles"
"Revenue",753000,898,753000,"Others","Jetons de présence et rémunérations d'administrateurs, gérants.."
"Revenue",754000,899,754000,"Others","Ristournes perçues des coopératives (provenant des excédents)"
"Revenue",755,900,755,"View","Quotes-parts de résultats sur opérations faites en commun"
"Revenue",755100,901,755100,"Others","Quote-part de perte transférée (comptabilité du gérant)"
"Revenue",755500,902,755500,"Others","Quote-part de bénéfice attribuée (comptabilité des associés non-gérants)"
"Revenue",766,903,766,"Others","Produits divers de gestion courante"
"Vue",76,904,76,"View","Produits financiers"
"Revenue",761,905,761,"View","Produits de participations"
"Revenue",761100,906,761100,"Others","Revenus des titres de participation"
"Revenue",761600,907,761600,"Others","Revenus sur autres formes de participation "
"Revenue",761700,908,761700,"Others","Revenus des créances rattachées à des participations"
"Revenue",762,909,762,"View","Produits des autres immobilisations financières"
"Revenue",762100,910,762100,"Others","Revenus des titres immobilisés"
"Revenue",762600,911,762600,"Others","Revenus des prêts"
"Revenue",762700,912,762700,"Others","Revenus des créances immobilisées"
"Revenue",763,913,763,"View","Revenus des autres créances"
"Revenue",763100,914,763100,"Others","Revenus des créances commerciales "
"Revenue",763800,915,763800,"Others","Revenus des créances diverses"
"Revenue",764000,916,764000,"Others","Revenus des valeurs mobilières de placement"
"Revenue",765000,917,765000,"Others","Escomptes obtenus"
"Revenue",766000,918,766000,"Others","Gains de change"
"Revenue",767000,919,767000,"Others","Produits nets sur cessions de valeurs mobilières de placement"
"Revenue",768000,920,768000,"Others","Autres produits financiers"
"Vue",77,921,77,"View","Produits exceptionnels"
"Revenue",771,922,771,"View","Produits exceptionnels sur opérations de gestion"
"Revenue",771100,923,771100,"Others","Dédits et pénalités perçus sur achats et sur ventes"
"Revenue",771300,924,771300,"Others","Libéralités reçues"
"Revenue",771400,925,771400,"Others","Rentrées sur créances amorties"
"Revenue",771500,926,771500,"Others","Subventions d'équilibre"
"Revenue",771700,927,771700,"Others","Dégrèvements d'impôts autres qu'impôts sur les bénéfices"
"Revenue",771800,928,771800,"Others","Autres produits exceptionnels sur opérations de gestion"
"Revenue",772000,929,772000,"Others","Produits sur exercices antérieurs (en cours d'exercice seulement)"
"Revenue",775,930,775,"View","Produits des cessions d'éléments d'actif"
"Revenue",775100,931,775100,"Others","Immobilisations incorporelles"
"Revenue",775200,932,775200,"Others","Immobilisations corporelles"
"Revenue",775600,933,775600,"Others","Immobilisations financières"
"Revenue",775800,934,775800,"Others","Autres éléments d'actif"
"Revenue",777000,935,777000,"Others","Quote-part des subventions d'investissement virée au résultat de l'exercice"
"Revenue",778,936,778,"View","Autres produits exceptionnels"
"Revenue",778100,937,778100,"Others","Bonis provenant de clauses d'indexation "
"Revenue",778200,938,778200,"Others","Lots"
"Revenue",778300,939,778300,"Others","Bonis provenant du rachat par l'entreprise d'actions et d'obligations émises par elle-même"
"Revenue",778800,940,778800,"Others","Produits exceptionnels divers"
"Vue",78,941,78,"View","Reprises sur amortissements, dépréciations et provisions"
"Revenue",781,942,781,"View","Reprises sur amortissements, dépréciations et provisions (à inscrire dans les produits d'exploitation)"
"Revenue",7811,943,7811,"View","Reprises sur amortissements des immobilisations incorporelles et corporelles "
"Revenue",781110,944,781110,"Others","Immobilisations incorporelles"
"Revenue",781120,945,781120,"Others","Immobilisations corporelles"
"Revenue",781500,946,781500,"Others","Reprises sur provisions d'exploitation"
"Revenue",7816,947,7816,"View","Reprises sur dépréciations des immobilisations corporelles et incorporelles"
"Revenue",781610,948,781610,"Others","Immobilisations incorporelles"
"Revenue",781620,949,781620,"Others","Immobilisations corporelles"
"Revenue",7817,950,7817,"View","Reprises sur dépréciations des actifs circulants"
"Revenue",781730,951,781730,"Others","Stocks et en-cours"
"Revenue",781740,952,781740,"Others","Créances"
"Revenue",786,953,786,"View","Reprises sur dépréciations et provisions (à inscrire dans les produits financiers)"
"Revenue",786500,954,786500,"Others","Reprises sur provisions financiers"
"Revenue",7866,955,7866,"View","Reprises sur dépréciations des éléments financiers"
"Revenue",786620,956,786620,"Others","Immobilisations financières"
"Revenue",786650,957,786650,"Others","Valeurs mobilières de placement"
"Revenue",787,958,787,"View","Reprises sur dépréciations et provisions (à inscrire dans les produits exceptionnels)"
"Revenue",7872,959,7872,"View","Reprises sur provisions réglementées (immobilisations)"
"Revenue",787250,960,787250,"Others","Amortissements dérogatoires"
"Revenue",787260,961,787260,"Others","Provision spéciale de réévaluation"
"Revenue",787270,962,787270,"Others","Plus-values réinvesties"
"Revenue",787300,963,787300,"Others","Reprises sur provisions réglementées (stocks) "
"Revenue",787400,964,787400,"Others","Reprises sur autres provisions réglementées "
"Revenue",787500,965,787500,"Others","Reprises sur provisions exceptionnelles"
"Revenue",787600,966,787600,"Others","Reprises pour dépréciations exceptionnelles"
"Vue",79,967,79,"View","Transferts de charges"
"Revenue",791000,968,791000,"Others","Transferts de charges d'exploitation"
"Revenue",796000,969,796000,"Others","Transferts de charges financières"
"Revenue",797000,970,797000,"Others","Transferts de charges exceptionnelles"
"Vue","Classes 8",971,"Classes 8","View","Comptes spéciaux"
"Vue",80,972,80,"View","Engagements"
"Engagements",801,973,801,"View","Engagements donnés par l'entité"
"Engagements",801100,974,801100,"Others","Avals, cautions, garanties"
"Engagements",801400,975,801400,"Others","Effets circulant sous l'endos de l'entité"
"Engagements",8016,976,8016,"View","Redevances crédit-bail restant à courir"
"Engagements",801610,977,801610,"Others","Crédit-bail mobilier"
"Engagements",801650,978,801650,"Others","Crédit-bail immobilier"
"Engagements",801800,979,801800,"Others","Autres engagements donnés"
"Engagements",802,980,802,"View","Engagements reçus par l'entité"
"Engagements",802100,981,802100,"Others","Avals, cautions, garanties"
"Engagements",802400,982,802400,"Others","Créances escomptées non échues"
"Engagements",8026,983,8026,"View","Engagements reçus pour utilisation en crédit-bail"
"Engagements",802610,984,802610,"Others","Crédit-bail mobilier"
"Engagements",802650,985,802650,"Others","Crédit-bail immobilier"
"Engagements",802800,986,802800,"Others","Autres engagements reçus"
"Vue",809,987,809,"View","Contrepartie des engagements"
"Engagements",809100,988,809100,"Others","Contrepartie 801"
"Engagements",809200,989,809200,"Others","Contrepartie 802"
"Vue",88,990,88,"View","Résultats en instance d'affectation"
"Vue",89,991,89,"View","Bilan"
"Comptes spéciaux",890000,992,890000,"Others","Bilan d'ouverture"
"Comptes spéciaux",891000,993,891000,"Others","Bilan de clôture"
"Actifs","MAC",997,"MAC","Vehicle","Machineries"
"Liquidite","TRE",999,"TRE","View","Tresorie"
"Vue","Gris-Soc",1015,"Gris-Soc","View",1
"Liquidite","C22001",1016,"C22001","Receivable","Client"
"Revenue","BL2V",1018,"BL2V","View","BL2VENTES"
